#,usec,error
2,103,0
3,84,0
4,76,0
5,66,0
6,65,0
7,48,0
8,66,0
9,47,0
10,31,0
11,77,0
12,76,0
13,19,0
14,39,0
15,85,0
16,86,0
17,74,0
18,71,0
19,66,0
20,53,0
21,53,0
22,55,0
23,30,0
24,50,0
25,95,0
26,46,0
27,74,0
28,21,0
29,100,0
30,86,0
31,38,0
32,44,0
33,76,0
34,21,0
35,72,0
36,80,0
37,81,0
38,98,0
39,79,0
40,52,0
41,58,0
42,50,0
43,31,0
44,52,0
45,68,0
46,73,0
47,19,0
48,36,0
49,75,0
50,75,0
51,102,0
52,76,0
53,73,0
54,69,0
55,66,0
56,36,0
57,42,0
58,28,0
59,83,0
60,38,0
61,81,0
62,33,0
63,74,0
64,73,0
65,49,0
66,26,0
67,75,0
68,18,0
69,72,0
70,74,0
71,80,0
72,69,0
73,65,0
74,67,0
75,74,0
76,55,0
77,26,0
78,62,0
79,75,0
80,76,0
81,49,0
82,28,0
83,85,0
84,73,0
85,70,0
86,84,0
87,74,0
88,87,0
89,59,0
90,84,0
91,28,0
92,46,0
93,73,0
94,24,0
95,84,0
96,32,0
97,69,0
98,68,0
99,24,0
100,26,0
101,90,0
102,48,0
103,80,0
104,89,0
105,77,0
106,96,0
107,97,0
108,60,0
109,50,0
110,84,0
111,278,0
112,104,0
113,196,0
114,197,0
115,64,0
116,49,0
117,193,0
118,160,0
119,142,0
120,177,0
121,141,0
122,139,0
123,91,0
124,115,0
125,73,0
126,72,0
127,170,0
128,59,0
129,192,0
130,59,0
131,172,0
132,154,0
133,56,0
134,57,0
135,188,0
136,56,0
137,171,0
138,142,0
139,135,0
140,141,0
141,137,0
142,130,0
143,89,0
144,92,0
145,63,0
146,57,0
147,169,0
148,186,0
149,59,0
150,76,0
151,211,0
152,130,0
153,144,0
154,185,0
155,158,0
156,136,0
157,107,0
158,97,0
159,68,0
160,60,0
161,169,0
162,74,0
163,190,0
164,53,0
165,198,0
166,818,0
167,73,0
168,68,0
169,170,0
170,57,0
171,210,0
172,131,0
173,180,0
174,141,0
175,141,0
176,112,0
177,123,0
178,85,0
179,68,0
180,70,0
181,186,0
182,158,0
183,75,0
184,50,0
185,168,0
186,124,0
187,139,0
188,136,0
189,137,0
190,120,0
191,107,0
192,88,0
193,71,0
194,78,0
195,178,0
196,70,0
197,184,0
198,56,0
199,187,0
200,230,0
201,63,0
202,67,0
203,171,0
204,64,0
205,211,0
206,130,0
207,166,0
208,147,0
209,209,0
210,111,0
211,123,0
212,83,0
213,86,0
214,63,0
215,157,0
216,184,0
217,90,0
218,75,0
219,194,0
220,227,0
221,168,0
222,176,0
223,155,0
224,120,0
225,112,0
226,116,0
227,82,0
228,62,0
229,217,0
230,61,0
231,267,0
232,64,0
233,223,0
234,216,0
235,62,0
236,61,0
237,243,0
238,56,0
239,717,0
240,68,0
241,64,0
242,61,0
243,43,0
244,53,0
245,54,0
246,42,0
247,38,0
248,24,0
249,68,0
250,84,0
251,47,0
252,22,0
253,70,0
254,56,0
255,65,0
256,62,0
257,63,0
258,48,0
259,41,0
260,30,0
261,43,0
262,25,0
263,68,0
264,24,0
265,57,0
266,60,0
267,67,0
268,66,0
269,25,0
270,37,0
271,73,0
272,23,0
273,66,0
274,56,0
275,58,0
276,67,0
277,70,0
278,47,0
279,31,0
280,50,0
281,31,0
282,37,0
283,67,0
284,48,0
285,38,0
286,22,0
287,60,0
288,61,0
289,58,0
290,58,0
291,41,0
292,52,0
293,30,0
294,30,0
295,38,0
296,24,0
297,56,0
298,39,0
299,68,0
300,24,0
301,64,0
302,60,0
303,21,0
304,34,0
305,60,0
306,24,0
307,61,0
308,54,0
309,57,0
310,56,0
311,41,0
312,50,0
313,29,0
314,43,0
315,24,0
316,44,0
317,58,0
318,64,0
319,22,0
320,36,0
321,61,0
322,46,0
323,54,0
324,55,0
325,63,0
326,51,0
327,43,0
328,30,0
329,38,0
330,27,0
331,99,0
332,24,0
333,63,0
334,34,0
335,60,0
336,62,0
337,41,0
338,43,0
339,72,0
340,23,0
341,89,0
342,71,0
343,59,0
344,60,0
345,75,0
346,58,0
347,32,0
348,49,0
349,34,0
350,39,0
351,58,0
352,47,0
353,38,0
354,24,0
355,96,0
356,61,0
357,60,0
358,59,0
359,84,0
360,52,0
361,31,0
362,43,0
363,28,0
364,47,0
365,56,0
366,23,0
367,241,0
368,49,0
369,67,0
370,63,0
371,23,0
372,38,0
373,64,0
374,22,0
375,61,0
376,61,0
377,61,0
378,67,0
379,55,0
380,56,0
381,60,0
382,43,0
383,23,0
384,81,0
385,75,0
386,125,0
387,38,0
388,23,0
389,72,0
390,92,0
391,86,0
392,87,0
393,59,0
394,61,0
395,36,0
396,45,0
397,36,0
398,48,0
399,66,0
400,22,0
401,60,0
402,21,0
403,57,0
404,70,0
405,43,0
406,37,0
407,1215,0
408,22,0
409,41,0
410,25,0
411,29,0
412,27,0
413,25,0
414,25,0
415,20,0
416,18,0
417,15,0
418,16,0
419,27,0
420,27,0
421,15,0
422,32,0
423,29,0
424,24,0
425,28,0
426,27,0
427,48,0
428,23,0
429,19,0
430,20,0
431,16,0
432,17,0
433,27,0
434,14,0
435,29,0
436,22,0
437,31,0
438,29,0
439,15,0
440,14,0
441,30,0
442,14,0
443,28,0
444,25,0
445,29,0
446,28,0
447,29,0
448,22,0
449,20,0
450,20,0
451,16,0
452,15,0
453,26,0
454,28,0
455,15,0
456,15,0
457,29,0
458,24,0
459,26,0
460,26,0
461,24,0
462,24,0
463,19,0
464,27,0
465,17,0
466,15,0
467,29,0
468,15,0
469,27,0
470,15,0
471,29,0
472,26,0
473,14,0
474,15,0
475,27,0
476,14,0
477,27,0
478,29,0
479,26,0
480,25,0
481,24,0
482,25,0
483,21,0
484,39,0
485,15,0
486,17,0
487,27,0
488,35,0
489,14,0
490,14,0
491,26,0
492,23,0
493,34,0
494,27,0
495,24,0
496,21,0
497,18,0
498,17,0
499,17,0
500,14,0
501,25,0
502,14,0
503,25,0
504,14,0
505,26,0
506,25,0
507,15,0
508,13,0
509,49,0
510,16,0
511,26,0
512,25,0
513,25,0
514,29,0
515,28,0
516,20,0
517,20,0
518,23,0
519,15,0
520,15,0
521,25,0
522,38,0
523,14,0
524,14,0
525,27,0
526,29,0
527,25,0
528,26,0
529,23,0
530,26,0
531,24,0
532,17,0
533,17,0
534,17,0
535,25,0
536,14,0
537,32,0
538,13,0
539,27,0
540,26,0
541,14,0
542,19,0
543,28,0
544,22,0
545,46,0
546,42,0
547,41,0
548,47,0
549,50,0
550,33,0
551,27,0
552,26,0
553,19,0
554,19,0
555,41,0
556,63,0
557,19,0
558,20,0
559,46,0
560,38,0
561,41,0
562,55,0
563,43,0
564,33,0
565,28,0
566,27,0
567,21,0
568,19,0
569,41,0
570,26,0
571,45,0
572,18,0
573,55,0
574,41,0
575,18,0
576,17,0
577,46,0
578,18,0
579,42,0
580,40,0
581,43,0
582,39,0
583,41,0
584,37,0
585,26,0
586,43,0
587,20,0
588,23,0
589,39,0
590,43,0
591,21,0
592,27,0
593,40,0
594,42,0
595,39,0
596,33,0
597,22,0
598,35,0
599,29,0
600,26,0
601,23,0
602,20,0
603,40,0
604,18,0
605,52,0
606,23,0
607,59,0
608,42,0
609,22,0
610,18,0
611,43,0
612,19,0
613,45,0
614,48,0
615,41,0
616,38,0
617,39,0
618,32,0
619,28,0
620,26,0
621,19,0
622,23,0
623,38,0
624,50,0
625,20,0
626,18,0
627,44,0
628,40,0
629,57,0
630,41,0
631,40,0
632,32,0
633,26,0
634,28,0
635,25,0
636,20,0
637,41,0
638,22,0
639,42,0
640,20,0
641,44,0
642,42,0
643,18,0
644,19,0
645,272,0
646,32,0
647,62,0
648,48,0
649,57,0
650,68,0
651,94,0
652,53,0
653,45,0
654,47,0
655,26,0
656,31,0
657,59,0
658,66,0
659,55,0
660,32,0
661,52,0
662,67,0
663,75,0
664,55,0
665,52,0
666,32,0
667,28,0
668,26,0
669,20,0
670,19,0
671,45,0
672,27,0
673,51,0
674,19,0
675,44,0
676,41,0
677,19,0
678,22,0
679,51,0
680,19,0
681,43,0
682,39,0
683,38,0
684,46,0
685,42,0
686,36,0
687,26,0
688,30,0
689,23,0
690,23,0
691,42,0
692,45,0
693,23,0
694,21,0
695,40,0
696,37,0
697,40,0
698,39,0
699,36,0
700,52,0
701,30,0
702,29,0
703,23,0
704,20,0
705,41,0
706,19,0
707,48,0
708,20,0
709,51,0
710,42,0
711,19,0
712,23,0
713,43,0
714,19,0
715,56,0
716,43,0
717,40,0
718,40,0
719,39,0
720,33,0
721,39,0
722,26,0
723,24,0
724,21,0
725,54,0
726,44,0
727,22,0
728,18,0
729,50,0
730,36,0
731,36,0
732,46,0
733,41,0
734,34,0
735,29,0
736,33,0
737,24,0
738,21,0
739,40,0
740,22,0
741,44,0
742,19,0
743,54,0
744,40,0
745,19,0
746,21,0
747,45,0
748,20,0
749,47,0
750,38,0
751,38,0
752,40,0
753,44,0
754,30,0
755,25,0
756,28,0
757,22,0
758,18,0
759,53,0
760,44,0
761,18,0
762,17,0
763,38,0
764,27,0
765,40,0
766,51,0
767,40,0
768,30,0
769,33,0
770,25,0
771,24,0
772,21,0
773,39,0
774,18,0
775,42,0
776,18,0
777,47,0
778,42,0
779,19,0
780,25,0
781,46,0
782,24,0
783,43,0
784,36,0
785,36,0
786,38,0
787,36,0
788,44,0
789,35,0
790,27,0
791,19,0
792,22,0
793,40,0
794,46,0
795,18,0
796,23,0
797,49,0
798,39,0
799,43,0
800,45,0
801,45,0
802,48,0
803,27,0
804,31,0
805,20,0
806,22,0
807,70,0
808,20,0
809,52,0
810,19,0
811,43,0
812,52,0
813,21,0
814,18,0
815,46,0
816,18,0
817,50,0
818,42,0
819,44,0
820,43,0
821,45,0
822,37,0
823,43,0
824,29,0
825,22,0
826,19,0
827,40,0
828,46,0
829,24,0
830,17,0
831,66,0
832,38,0
833,41,0
834,41,0
835,36,0
836,32,0
837,25,0
838,29,0
839,25,0
840,23,0
841,42,0
842,21,0
843,43,0
844,38,0
845,66,0
846,40,0
847,18,0
848,21,0
849,41,0
850,18,0
851,41,0
852,49,0
853,39,0
854,39,0
855,36,0
856,31,0
857,28,0
858,24,0
859,22,0
860,21,0
861,40,0
862,44,0
863,23,0
864,19,0
865,61,0
866,47,0
867,51,0
868,43,0
869,37,0
870,31,0
871,28,0
872,26,0
873,24,0
874,20,0
875,59,0
876,21,0
877,46,0
878,19,0
879,44,0
880,42,0
881,19,0
882,22,0
883,40,0
884,21,0
885,237,0
886,130,0
887,52,0
888,57,0
889,63,0
890,60,0
891,32,0
892,83,0
893,22,0
894,20,0
895,36,0
896,46,0
897,19,0
898,18,0
899,43,0
900,40,0
901,38,0
902,39,0
903,40,0
904,34,0
905,26,0
906,29,0
907,23,0
908,36,0
909,40,0
910,38,0
911,46,0
912,18,0
913,43,0
914,42,0
915,19,0
916,23,0
917,42,0
918,18,0
919,42,0
920,37,0
921,37,0
922,55,0
923,41,0
924,35,0
925,27,0
926,26,0
927,23,0
928,19,0
929,52,0
930,49,0
931,22,0
932,24,0
933,50,0
934,41,0
935,44,0
936,43,0
937,42,0
938,35,0
939,27,0
940,32,0
941,22,0
942,34,0
943,51,0
944,20,0
945,42,0
946,18,0
947,42,0
948,43,0
949,19,0
950,18,0
951,84,0
952,23,0
953,42,0
954,37,0
955,37,0
956,41,0
957,37,0
958,36,0
959,30,0
960,26,0
961,23,0
962,21,0
963,42,0
964,55,0
965,25,0
966,21,0
967,44,0
968,38,0
969,39,0
970,39,0
971,49,0
972,34,0
973,29,0
974,27,0
975,24,0
976,19,0
977,42,0
978,19,0
979,48,0
980,20,0
981,42,0
982,43,0
983,26,0
984,22,0
985,47,0
986,18,0
987,55,0
988,42,0
989,39,0
990,41,0
991,47,0
992,33,0
993,35,0
994,29,0
995,22,0
996,21,0
997,40,0
998,50,0
999,19,0
1000,19,0
1001,43,0
1002,40,0
1003,37,0
1004,41,0
1005,38,0
1006,34,0
1007,26,0
1008,43,0
1009,26,0
1010,23,0
1011,41,0
1012,23,0
1013,44,0
1014,18,0
1015,57,0
1016,37,0
1017,18,0
1018,19,0
1019,45,0
1020,23,0
1021,50,0
1022,22,0
1023,23,0
1024,29,0
1025,23,0
1026,35,0
1027,25,0
1028,29,0
1029,19,0
1030,22,0
1031,41,0
1032,59,0
1033,18,0
1034,22,0
1035,42,0
1036,39,0
1037,42,0
1038,38,0
1039,67,0
1040,37,0
1041,32,0
1042,27,0
1043,24,0
1044,20,0
1045,41,0
1046,19,0
1047,49,0
1048,18,0
1049,44,0
1050,41,0
1051,23,0
1052,23,0
1053,42,0
1054,20,0
1055,52,0
1056,42,0
1057,44,0
1058,40,0
1059,59,0
1060,42,0
1061,26,0
1062,28,0
1063,22,0
1064,20,0
1065,41,0
1066,50,0
1067,20,0
1068,23,0
1069,44,0
1070,36,0
1071,37,0
1072,40,0
1073,36,0
1074,43,0
1075,29,0
1076,31,0
1077,24,0
1078,22,0
1079,43,0
1080,23,0
1081,43,0
1082,20,0
1083,42,0
1084,39,0
1085,19,0
1086,22,0
1087,52,0
1088,18,0
1089,45,0
1090,70,0
1091,39,0
1092,41,0
1093,39,0
1094,31,0
1095,25,0
1096,30,0
1097,19,0
1098,21,0
1099,41,0
1100,43,0
1101,18,0
1102,21,0
1103,52,0
1104,42,0
1105,47,0
1106,40,0
1107,39,0
1108,32,0
1109,32,0
1110,26,0
1111,23,0
1112,19,0
1113,41,0
1114,19,0
1115,47,0
1116,37,0
1117,42,0
1118,56,0
1119,22,0
1120,22,0
1121,49,0
1122,19,0
1123,42,0
1124,39,0
1125,51,0
1126,40,0
1127,291,0
1128,39,0
1129,27,0
1130,25,0
1131,20,0
1132,20,0
1133,41,0
1134,63,0
1135,20,0
1136,19,0
1137,47,0
1138,41,0
1139,38,0
1140,39,0
1141,42,0
1142,33,0
1143,37,0
1144,24,0
1145,19,0
1146,19,0
1147,45,0
1148,36,0
1149,40,0
1150,19,0
1151,38,0
1152,45,0
1153,21,0
1154,19,0
1155,58,0
1156,18,0
1157,43,0
1158,37,0
1159,44,0
1160,41,0
1161,39,0
1162,40,0
1163,29,0
1164,28,0
1165,22,0
1166,19,0
1167,39,0
1168,52,0
1169,22,0
1170,19,0
1171,44,0
1172,39,0
1173,38,0
1174,39,0
1175,36,0
1176,34,0
1177,62,0
1178,26,0
1179,24,0
1180,18,0
1181,40,0
1182,20,0
1183,42,0
1184,27,0
1185,43,0
1186,46,0
1187,18,0
1188,21,0
1189,43,0
1190,20,0
1191,41,0
1192,38,0
1193,39,0
1194,39,0
1195,34,0
1196,38,0
1197,26,0
1198,31,0
1199,19,0
1200,22,0
1201,41,0
1202,43,0
1203,23,0
1204,22,0
1205,43,0
1206,42,0
1207,58,0
1208,39,0
1209,35,0
1210,33,0
1211,27,0
1212,27,0
1213,24,0
1214,20,0
1215,41,0
1216,19,0
1217,48,0
1218,18,0
1219,47,0
1220,40,0
1221,25,0
1222,23,0
1223,42,0
1224,20,0
1225,42,0
1226,38,0
1227,42,0
1228,45,0
1229,44,0
1230,35,0
1231,29,0
1232,29,0
1233,22,0
1234,22,0
1235,44,0
1236,52,0
1237,20,0
1238,24,0
1239,41,0
1240,37,0
1241,42,0
1242,66,0
1243,37,0
1244,30,0
1245,28,0
1246,27,0
1247,23,0
1248,19,0
1249,50,0
1250,18,0
1251,50,0
1252,21,0
1253,42,0
1254,41,0
1255,21,0
1256,19,0
1257,51,0
1258,17,0
1259,42,0
1260,42,0
1261,40,0
1262,44,0
1263,39,0
1264,32,0
1265,42,0
1266,26,0
1267,23,0
1268,22,0
1269,40,0
1270,44,0
1271,43,0
1272,18,0
1273,38,0
1274,33,0
1275,37,0
1276,42,0
1277,43,0
1278,30,0
1279,18,0
1280,17,0
1281,16,0
1282,15,0
1283,25,0
1284,24,0
1285,54,0
1286,19,0
1287,60,0
1288,44,0
1289,19,0
1290,22,0
1291,44,0
1292,22,0
1293,44,0
1294,49,0
1295,44,0
1296,35,0
1297,41,0
1298,38,0
1299,30,0
1300,30,0
1301,24,0
1302,22,0
1303,40,0
1304,49,0
1305,23,0
1306,21,0
1307,39,0
1308,57,0
1309,43,0
1310,47,0
1311,43,0
1312,35,0
1313,28,0
1314,28,0
1315,33,0
1316,18,0
1317,51,0
1318,19,0
1319,44,0
1320,17,0
1321,43,0
1322,39,0
1323,21,0
1324,18,0
1325,51,0
1326,19,0
1327,41,0
1328,35,0
1329,41,0
1330,52,0
1331,40,0
1332,32,0
1333,28,0
1334,27,0
1335,32,0
1336,22,0
1337,47,0
1338,43,0
1339,18,0
1340,21,0
1341,41,0
1342,38,0
1343,41,0
1344,41,0
1345,39,0
1346,31,0
1347,29,0
1348,29,0
1349,19,0
1350,24,0
1351,38,0
1352,19,0
1353,60,0
1354,18,0
1355,42,0
1356,40,0
1357,18,0
1358,22,0
1359,40,0
1360,29,0
1361,41,0
1362,39,0
1363,36,0
1364,39,0
1365,429,0
1366,42,0
1367,27,0
1368,30,0
1369,19,0
1370,22,0
1371,36,0
1372,46,0
1373,27,0
1374,22,0
1375,45,0
1376,39,0
1377,41,0
1378,40,0
1379,41,0
1380,35,0
1381,29,0
1382,27,0
1383,23,0
1384,21,0
1385,46,0
1386,19,0
1387,45,0
1388,21,0
1389,44,0
1390,42,0
1391,22,0
1392,19,0
1393,46,0
1394,19,0
1395,57,0
1396,41,0
1397,50,0
1398,41,0
1399,39,0
1400,30,0
1401,26,0
1402,25,0
1403,19,0
1404,20,0
1405,37,0
1406,47,0
1407,18,0
1408,18,0
1409,39,0
1410,42,0
1411,65,0
1412,52,0
1413,40,0
1414,39,0
1415,27,0
1416,46,0
1417,21,0
1418,26,0
1419,46,0
1420,24,0
1421,45,0
1422,20,0
1423,43,0
1424,42,0
1425,22,0
1426,18,0
1427,49,0
1428,20,0
1429,42,0
1430,52,0
1431,43,0
1432,41,0
1433,40,0
1434,36,0
1435,29,0
1436,29,0
1437,23,0
1438,33,0
1439,41,0
1440,44,0
1441,23,0
1442,22,0
1443,39,0
1444,39,0
1445,40,0
1446,39,0
1447,36,0
1448,31,0
1449,29,0
1450,25,0
1451,36,0
1452,24,0
1453,39,0
1454,18,0
1455,47,0
1456,18,0
1457,42,0
1458,48,0
1459,24,0
1460,23,0
1461,48,0
1462,23,0
1463,46,0
1464,38,0
1465,41,0
1466,36,0
1467,46,0
1468,34,0
1469,29,0
1470,29,0
1471,22,0
1472,19,0
1473,55,0
1474,49,0
1475,35,0
1476,25,0
1477,42,0
1478,38,0
1479,49,0
1480,44,0
1481,42,0
1482,35,0
1483,26,0
1484,31,0
1485,23,0
1486,24,0
1487,40,0
1488,22,0
1489,50,0
1490,18,0
1491,48,0
1492,42,0
1493,22,0
1494,34,0
1495,50,0
1496,18,0
1497,42,0
1498,42,0
1499,39,0
1500,53,0
1501,43,0
1502,35,0
1503,25,0
1504,46,0
1505,24,0
1506,22,0
1507,40,0
1508,44,0
1509,19,0
1510,21,0
1511,48,0
1512,45,0
1513,42,0
1514,54,0
1515,41,0
1516,33,0
1517,29,0
1518,27,0
1519,24,0
1520,20,0
1521,44,0
1522,19,0
1523,48,0
1524,20,0
1525,42,0
1526,42,0
1527,19,0
1528,19,0
1529,52,0
1530,18,0
1531,41,0
1532,36,0
1533,40,0
1534,40,0
1535,66,0
1536,53,0
1537,27,0
1538,27,0
1539,21,0
1540,19,0
1541,39,0
1542,48,0
1543,29,0
1544,19,0
1545,38,0
1546,36,0
1547,37,0
1548,38,0
1549,43,0
1550,31,0
1551,28,0
1552,27,0
1553,23,0
1554,23,0
1555,43,0
1556,23,0
1557,47,0
1558,34,0
1559,48,0
1560,41,0
1561,25,0
1562,22,0
1563,51,0
1564,23,0
1565,58,0
1566,38,0
1567,52,0
1568,41,0
1569,39,0
1570,31,0
1571,28,0
1572,27,0
1573,22,0
1574,21,0
1575,39,0
1576,45,0
1577,18,0
1578,18,0
1579,44,0
1580,39,0
1581,39,0
1582,38,0
1583,40,0
1584,34,0
1585,28,0
1586,33,0
1587,23,0
1588,23,0
1589,39,0
1590,19,0
1591,49,0
1592,21,0
1593,46,0
1594,40,0
1595,18,0
1596,22,0
1597,45,0
1598,20,0
1599,45,0
1600,40,0
1601,37,0
1602,43,0
1603,46,0
1604,214,0
1605,32,0
1606,25,0
1607,20,0
1608,19,0
1609,42,0
1610,44,0
1611,20,0
1612,23,0
1613,44,0
1614,37,0
1615,40,0
1616,36,0
1617,38,0
1618,35,0
1619,39,0
1620,31,0
1621,39,0
1622,22,0
1623,48,0
1624,19,0
1625,50,0
1626,19,0
1627,45,0
1628,42,0
1629,19,0
1630,19,0
1631,52,0
1632,20,0
1633,44,0
1634,38,0
1635,43,0
1636,43,0
1637,47,0
1638,34,0
1639,30,0
1640,44,0
1641,24,0
1642,23,0
1643,45,0
1644,46,0
1645,19,0
1646,22,0
1647,47,0
1648,38,0
1649,41,0
1650,40,0
1651,42,0
1652,36,0
1653,29,0
1654,23,0
1655,24,0
1656,19,0
1657,40,0
1658,20,0
1659,47,0
1660,19,0
1661,42,0
1662,50,0
1663,19,0
1664,19,0
1665,59,0
1666,19,0
1667,41,0
1668,50,0
1669,50,0
1670,39,0
1671,38,0
1672,30,0
1673,29,0
1674,25,0
1675,20,0
1676,20,0
1677,39,0
1678,42,0
1679,18,0
1680,20,0
1681,44,0
1682,41,0
1683,40,0
1684,53,0
1685,39,0
1686,36,0
1687,33,0
1688,26,0
1689,20,0
1690,20,0
1691,50,0
1692,19,0
1693,44,0
1694,18,0
1695,42,0
1696,43,0
1697,23,0
1698,18,0
1699,48,0
1700,19,0
1701,43,0
1702,37,0
1703,40,0
1704,39,0
1705,35,0
1706,44,0
1707,31,0
1708,29,0
1709,23,0
1710,19,0
1711,53,0
1712,51,0
1713,47,0
1714,18,0
1715,63,0
1716,47,0
1717,42,0
1718,39,0
1719,45,0
1720,31,0
1721,28,0
1722,26,0
1723,25,0
1724,24,0
1725,42,0
1726,19,0
1727,60,0
1728,23,0
1729,44,0
1730,43,0
1731,19,0
1732,23,0
1733,49,0
1734,29,0
1735,44,0
1736,41,0
1737,52,0
1738,42,0
1739,44,0
1740,32,0
1741,42,0
1742,25,0
1743,22,0
1744,20,0
1745,41,0
1746,41,0
1747,23,0
1748,29,0
1749,42,0
1750,38,0
1751,35,0
1752,42,0
1753,40,0
1754,33,0
1755,39,0
1756,27,0
1757,23,0
1758,20,0
1759,41,0
1760,21,0
1761,50,0
1762,20,0
1763,48,0
1764,39,0
1765,19,0
1766,18,0
1767,44,0
1768,17,0
1769,44,0
1770,37,0
1771,40,0
1772,37,0
1773,37,0
1774,30,0
1775,28,0
1776,29,0
1777,22,0
1778,31,0
1779,42,0
1780,52,0
1781,19,0
1782,21,0
1783,41,0
1784,41,0
1785,35,0
1786,38,0
1787,44,0
1788,35,0
1789,24,0
1790,25,0
1791,21,0
1792,20,0
1793,49,0
1794,18,0
1795,40,0
1796,17,0
1797,38,0
1798,30,0
1799,15,0
1800,13,0
1801,28,0
1802,38,0
1803,26,0
1804,23,0
1805,26,0
1806,25,0
1807,24,0
1808,20,0
1809,18,0
1810,17,0
1811,16,0
1812,15,0
1813,25,0
1814,26,0
1815,14,0
1816,19,0
1817,39,0
1818,33,0
1819,38,0
1820,35,0
1821,36,0
1822,30,0
1823,19,0
1824,30,0
1825,21,0
1826,27,0
1827,47,0
1828,20,0
1829,56,0
1830,17,0
1831,43,0
1832,39,0
1833,17,0
1834,22,0
1835,42,0
1836,21,0
1837,41,0
1838,41,0
1839,41,0
1840,37,0
1841,39,0
1842,47,0
1843,29,0
1844,29,0
1845,20,0
1846,21,0
1847,221,0
1848,48,0
1849,21,0
1850,18,0
1851,49,0
1852,39,0
1853,42,0
1854,45,0
1855,50,0
1856,32,0
1857,34,0
1858,23,0
1859,23,0
1860,35,0
1861,40,0
1862,27,0
1863,49,0
1864,39,0
1865,49,0
1866,51,0
1867,19,0
1868,25,0
1869,48,0
1870,23,0
1871,48,0
1872,46,0
1873,42,0
1874,48,0
1875,50,0
1876,41,0
1877,33,0
1878,29,0
1879,24,0
1880,37,0
1881,47,0
1882,60,0
1883,23,0
1884,22,0
1885,54,0
1886,83,0
1887,50,0
1888,44,0
1889,51,0
1890,30,0
1891,34,0
1892,36,0
1893,23,0
1894,20,0
1895,42,0
1896,20,0
1897,46,0
1898,19,0
1899,55,0
1900,43,0
1901,19,0
1902,23,0
1903,48,0
1904,20,0
1905,61,0
1906,49,0
1907,41,0
1908,42,0
1909,37,0
1910,33,0
1911,28,0
1912,26,0
1913,27,0
1914,39,0
1915,43,0
1916,45,0
1917,18,0
1918,19,0
1919,37,0
1920,45,0
1921,40,0
1922,38,0
1923,39,0
1924,35,0
1925,26,0
1926,27,0
1927,21,0
1928,29,0
1929,40,0
1930,18,0
1931,45,0
1932,18,0
1933,38,0
1934,39,0
1935,19,0
1936,20,0
1937,38,0
1938,21,0
1939,42,0
1940,36,0
1941,41,0
1942,38,0
1943,50,0
1944,30,0
1945,25,0
1946,23,0
1947,20,0
1948,17,0
1949,39,0
1950,47,0
1951,28,0
1952,18,0
1953,41,0
1954,35,0
1955,38,0
1956,37,0
1957,41,0
1958,30,0
1959,25,0
1960,25,0
1961,18,0
1962,20,0
1963,41,0
1964,18,0
1965,41,0
1966,19,0
1967,54,0
1968,41,0
1969,18,0
1970,21,0
1971,46,0
1972,18,0
1973,41,0
1974,39,0
1975,40,0
1976,44,0
1977,34,0
1978,32,0
1979,26,0
1980,24,0
1981,21,0
1982,22,0
1983,40,0
1984,42,0
1985,19,0
1986,18,0
1987,41,0
1988,47,0
1989,59,0
1990,38,0
1991,35,0
1992,29,0
1993,26,0
1994,27,0
1995,19,0
1996,27,0
1997,47,0
1998,25,0
1999,53,0
2000,19,0
2001,47,0
2002,47,0
2003,22,0
2004,25,0
2005,43,0
2006,23,0
2007,44,0
2008,42,0
2009,39,0
2010,40,0
2011,43,0
2012,33,0
2013,28,0
2014,32,0
2015,21,0
2016,19,0
2017,41,0
2018,58,0
2019,25,0
2020,22,0
2021,41,0
2022,41,0
2023,42,0
2024,40,0
2025,42,0
2026,36,0
2027,25,0
2028,31,0
2029,19,0
2030,25,0
2031,40,0
2032,18,0
2033,43,0
2034,19,0
2035,42,0
2036,40,0
2037,19,0
2038,20,0
2039,51,0
2040,19,0
2041,43,0
2042,40,0
2043,43,0
2044,38,0
2045,39,0
2046,35,0
2047,25,0
2048,23,0
2049,20,0
2050,18,0
2051,40,0
2052,53,0
2053,21,0
2054,24,0
2055,54,0
2056,36,0
2057,42,0
2058,38,0
2059,36,0
2060,31,0
2061,26,0
2062,45,0
2063,19,0
2064,19,0
2065,38,0
2066,20,0
2067,54,0
2068,19,0
2069,48,0
2070,40,0
2071,22,0
2072,22,0
2073,47,0
2074,18,0
2075,46,0
2076,60,0
2077,42,0
2078,44,0
2079,38,0
2080,33,0
2081,29,0
2082,30,0
2083,32,0
2084,24,0
2085,43,0
2086,250,0
2087,21,0
2088,19,0
2089,52,0
2090,37,0
2091,43,0
2092,42,0
2093,39,0
2094,32,0
2095,29,0
2096,29,0
2097,22,0
2098,22,0
2099,38,0
2100,31,0
2101,48,0
2102,22,0
2103,44,0
2104,39,0
2105,20,0
2106,21,0
2107,45,0
2108,38,0
2109,50,0
2110,38,0
2111,43,0
2112,40,0
2113,41,0
2114,48,0
2115,30,0
2116,26,0
2117,25,0
2118,22,0
2119,43,0
2120,57,0
2121,24,0
2122,22,0
2123,46,0
2124,40,0
2125,42,0
2126,42,0
2127,44,0
2128,34,0
2129,30,0
2130,29,0
2131,34,0
2132,18,0
2133,41,0
2134,20,0
2135,59,0
2136,21,0
2137,40,0
2138,39,0
2139,22,0
2140,22,0
2141,41,0
2142,19,0
2143,60,0
2144,36,0
2145,44,0
2146,42,0
2147,37,0
2148,36,0
2149,29,0
2150,29,0
2151,24,0
2152,23,0
2153,43,0
2154,45,0
2155,20,0
2156,22,0
2157,47,0
2158,40,0
2159,42,0
2160,39,0
2161,39,0
2162,41,0
2163,35,0
2164,34,0
2165,24,0
2166,34,0
2167,38,0
2168,19,0
2169,47,0
2170,18,0
2171,40,0
2172,39,0
2173,20,0
2174,21,0
2175,40,0
2176,18,0
2177,40,0
2178,34,0
2179,37,0
2180,36,0
2181,38,0
2182,31,0
2183,28,0
2184,25,0
2185,19,0
2186,28,0
2187,38,0
2188,53,0
2189,20,0
2190,18,0
2191,40,0
2192,45,0
2193,52,0
2194,46,0
2195,49,0
2196,37,0
2197,43,0
2198,32,0
2199,23,0
2200,31,0
2201,56,0
2202,21,0
2203,47,0
2204,21,0
2205,48,0
2206,58,0
2207,22,0
2208,19,0
2209,51,0
2210,19,0
2211,43,0
2212,43,0
2213,39,0
2214,38,0
2215,40,0
2216,31,0
2217,28,0
2218,29,0
2219,23,0
2220,23,0
2221,55,0
2222,48,0
2223,21,0
2224,21,0
2225,41,0
2226,38,0
2227,40,0
2228,45,0
2229,39,0
2230,36,0
2231,28,0
2232,30,0
2233,22,0
2234,22,0
2235,43,0
2236,22,0
2237,51,0
2238,20,0
2239,46,0
2240,41,0
2241,23,0
2242,24,0
2243,57,0
2244,22,0
2245,45,0
2246,38,0
2247,42,0
2248,39,0
2249,49,0
2250,35,0
2251,29,0
2252,42,0
2253,23,0
2254,22,0
2255,38,0
2256,48,0
2257,23,0
2258,22,0
2259,44,0
2260,41,0
2261,40,0
2262,40,0
2263,44,0
2264,36,0
2265,35,0
2266,31,0
2267,22,0
2268,20,0
2269,42,0
2270,22,0
2271,54,0
2272,21,0
2273,45,0
2274,38,0
2275,21,0
2276,21,0
2277,49,0
2278,21,0
2279,44,0
2280,37,0
2281,42,0
2282,44,0
2283,39,0
2284,34,0
2285,42,0
2286,29,0
2287,23,0
2288,18,0
2289,40,0
2290,51,0
2291,22,0
2292,18,0
2293,53,0
2294,38,0
2295,38,0
2296,38,0
2297,39,0
2298,32,0
2299,25,0
2300,26,0
2301,24,0
2302,22,0
2303,39,0
2304,21,0
2305,46,0
2306,20,0
2307,37,0
2308,48,0
2309,20,0
2310,18,0
2311,43,0
2312,18,0
2313,42,0
2314,37,0
2315,47,0
2316,56,0
2317,38,0
2318,30,0
2319,27,0
2320,25,0
2321,20,0
2322,20,0
2323,39,0
2324,247,0
2325,22,0
2326,34,0
2327,51,0
2328,50,0
2329,42,0
2330,48,0
2331,44,0
2332,48,0
2333,37,0
2334,33,0
2335,23,0
2336,23,0
2337,48,0
2338,23,0
2339,53,0
2340,33,0
2341,55,0
2342,44,0
2343,22,0
2344,33,0
2345,57,0
2346,19,0
2347,44,0
2348,37,0
2349,38,0
2350,41,0
2351,41,0
2352,42,0
2353,27,0
2354,29,0
2355,28,0
2356,24,0
2357,41,0
2358,46,0
2359,22,0
2360,18,0
2361,46,0
2362,38,0
2363,40,0
2364,39,0
2365,47,0
2366,48,0
2367,29,0
2368,32,0
2369,23,0
2370,22,0
2371,42,0
2372,20,0
2373,54,0
2374,18,0
2375,46,0
2376,43,0
2377,19,0
2378,22,0
2379,45,0
2380,22,0
2381,40,0
2382,36,0
2383,43,0
2384,39,0
2385,39,0
2386,30,0
2387,30,0
2388,27,0
2389,23,0
2390,18,0
2391,43,0
2392,44,0
2393,21,0
2394,19,0
2395,74,0
2396,43,0
2397,39,0
2398,41,0
2399,38,0
2400,45,0
2401,30,0
2402,27,0
2403,21,0
2404,25,0
2405,37,0
2406,19,0
2407,47,0
2408,38,0
2409,59,0
2410,43,0
2411,22,0
2412,22,0
2413,47,0
2414,22,0
2415,43,0
2416,41,0
2417,47,0
2418,53,0
2419,41,0
2420,35,0
2421,26,0
2422,26,0
2423,23,0
2424,18,0
2425,41,0
2426,49,0
2427,24,0
2428,18,0
2429,44,0
2430,47,0
2431,40,0
2432,40,0
2433,41,0
2434,31,0
2435,29,0
2436,25,0
2437,18,0
2438,18,0
2439,40,0
2440,35,0
2441,42,0
2442,19,0
2443,45,0
2444,39,0
2445,18,0
2446,20,0
2447,44,0
2448,21,0
2449,52,0
2450,44,0
2451,37,0
2452,52,0
2453,37,0
2454,28,0
2455,25,0
2456,25,0
2457,20,0
2458,38,0
2459,56,0
2460,47,0
2461,20,0
2462,22,0
2463,43,0
2464,39,0
2465,39,0
2466,42,0
2467,38,0
2468,32,0
2469,28,0
2470,28,0
2471,22,0
2472,21,0
2473,42,0
2474,35,0
2475,47,0
2476,21,0
2477,40,0
2478,39,0
2479,20,0
2480,23,0
2481,65,0
2482,19,0
2483,62,0
2484,43,0
2485,37,0
2486,42,0
2487,41,0
2488,35,0
2489,29,0
2490,28,0
2491,28,0
2492,23,0
2493,41,0
2494,50,0
2495,23,0
2496,23,0
2497,47,0
2498,39,0
2499,43,0
2500,42,0
2501,55,0
2502,38,0
2503,25,0
2504,32,0
2505,20,0
2506,22,0
2507,44,0
2508,20,0
2509,47,0
2510,18,0
2511,44,0
2512,42,0
2513,19,0
2514,22,0
2515,49,0
2516,22,0
2517,43,0
2518,39,0
2519,44,0
2520,42,0
2521,37,0
2522,35,0
2523,31,0
2524,27,0
2525,34,0
2526,21,0
2527,38,0
2528,63,0
2529,24,0
2530,19,0
2531,47,0
2532,36,0
2533,40,0
2534,38,0
2535,34,0
2536,32,0
2537,41,0
2538,29,0
2539,24,0
2540,23,0
2541,44,0
2542,20,0
2543,52,0
2544,20,0
2545,49,0
2546,41,0
2547,38,0
2548,22,0
2549,45,0
2550,21,0
2551,46,0
2552,41,0
2553,40,0
2554,38,0
2555,41,0
2556,34,0
2557,25,0
2558,28,0
2559,32,0
2560,25,0
2561,42,0
2562,432,0
2563,24,0
2564,20,0
2565,45,0
2566,39,0
2567,39,0
2568,37,0
2569,36,0
2570,30,0
2571,25,0
2572,38,0
2573,22,0
2574,19,0
2575,50,0
2576,23,0
2577,55,0
2578,22,0
2579,62,0
2580,52,0
2581,19,0
2582,33,0
2583,44,0
2584,17,0
2585,51,0
2586,41,0
2587,42,0
2588,43,0
2589,64,0
2590,35,0
2591,27,0
2592,45,0
2593,25,0
2594,24,0
2595,41,0
2596,54,0
2597,22,0
2598,22,0
2599,65,0
2600,44,0
2601,47,0
2602,51,0
2603,46,0
2604,36,0
2605,30,0
2606,30,0
2607,26,0
2608,23,0
2609,46,0
2610,24,0
2611,65,0
2612,21,0
2613,49,0
2614,41,0
2615,22,0
2616,19,0
2617,47,0
2618,21,0
2619,46,0
2620,57,0
2621,44,0
2622,43,0
2623,41,0
2624,32,0
2625,30,0
2626,30,0
2627,24,0
2628,20,0
2629,43,0
2630,47,0
2631,22,0
2632,21,0
2633,46,0
2634,45,0
2635,41,0
2636,39,0
2637,37,0
2638,40,0
2639,30,0
2640,35,0
2641,28,0
2642,26,0
2643,44,0
2644,22,0
2645,51,0
2646,22,0
2647,46,0
2648,42,0
2649,24,0
2650,22,0
2651,47,0
2652,21,0
2653,46,0
2654,51,0
2655,43,0
2656,42,0
2657,42,0
2658,35,0
2659,30,0
2660,27,0
2661,32,0
2662,22,0
2663,42,0
2664,53,0
2665,23,0
2666,19,0
2667,47,0
2668,42,0
2669,41,0
2670,40,0
2671,45,0
2672,32,0
2673,30,0
2674,31,0
2675,23,0
2676,38,0
2677,41,0
2678,22,0
2679,44,0
2680,22,0
2681,44,0
2682,40,0
2683,18,0
2684,23,0
2685,53,0
2686,19,0
2687,44,0
2688,43,0
2689,43,0
2690,38,0
2691,34,0
2692,37,0
2693,27,0
2694,26,0
2695,21,0
2696,20,0
2697,43,0
2698,41,0
2699,19,0
2700,18,0
2701,44,0
2702,35,0
2703,43,0
2704,41,0
2705,40,0
2706,33,0
2707,28,0
2708,26,0
2709,19,0
2710,18,0
2711,38,0
2712,18,0
2713,46,0
2714,18,0
2715,49,0
2716,45,0
2717,27,0
2718,24,0
2719,59,0
2720,22,0
2721,51,0
2722,44,0
2723,44,0
2724,44,0
2725,48,0
2726,35,0
2727,29,0
2728,32,0
2729,25,0
2730,18,0
2731,42,0
2732,47,0
2733,22,0
2734,23,0
2735,42,0
2736,42,0
2737,41,0
2738,42,0
2739,58,0
2740,37,0
2741,27,0
2742,35,0
2743,23,0
2744,23,0
2745,43,0
2746,23,0
2747,46,0
2748,18,0
2749,46,0
2750,64,0
2751,22,0
2752,18,0
2753,53,0
2754,18,0
2755,42,0
2756,38,0
2757,41,0
2758,40,0
2759,37,0
2760,45,0
2761,31,0
2762,37,0
2763,24,0
2764,22,0
2765,43,0
2766,45,0
2767,22,0
2768,22,0
2769,43,0
2770,38,0
2771,39,0
2772,40,0
2773,37,0
2774,32,0
2775,26,0
2776,29,0
2777,21,0
2778,22,0
2779,41,0
2780,24,0
2781,48,0
2782,24,0
2783,47,0
2784,36,0
2785,24,0
2786,22,0
2787,63,0
2788,21,0
2789,46,0
2790,42,0
2791,42,0
2792,37,0
2793,43,0
2794,32,0
2795,30,0
2796,30,0
2797,23,0
2798,23,0
2799,41,0
2800,292,0
2801,22,0
2802,19,0
2803,53,0
2804,37,0
2805,58,0
2806,48,0
2807,42,0
2808,36,0
2809,26,0
2810,27,0
2811,23,0
2812,23,0
2813,42,0
2814,23,0
2815,45,0
2816,22,0
2817,43,0
2818,41,0
2819,35,0
2820,24,0
2821,43,0
2822,18,0
2823,44,0
2824,37,0
2825,37,0
2826,44,0
2827,35,0
2828,29,0
2829,27,0
2830,23,0
2831,20,0
2832,20,0
2833,40,0
2834,42,0
2835,18,0
2836,18,0
2837,41,0
2838,35,0
2839,39,0
2840,37,0
2841,38,0
2842,30,0
2843,26,0
2844,27,0
2845,18,0
2846,18,0
2847,39,0
2848,19,0
2849,38,0
2850,18,0
2851,39,0
2852,35,0
2853,19,0
2854,21,0
2855,43,0
2856,18,0
2857,45,0
2858,39,0
2859,38,0
2860,39,0
2861,39,0
2862,32,0
2863,32,0
2864,26,0
2865,34,0
2866,22,0
2867,39,0
2868,56,0
2869,22,0
2870,18,0
2871,45,0
2872,69,0
2873,42,0
2874,42,0
2875,40,0
2876,42,0
2877,30,0
2878,27,0
2879,24,0
2880,25,0
2881,43,0
2882,19,0
2883,47,0
2884,17,0
2885,42,0
2886,54,0
2887,26,0
2888,23,0
2889,44,0
2890,22,0
2891,42,0
2892,39,0
2893,57,0
2894,40,0
2895,72,0
2896,66,0
2897,58,0
2898,31,0
2899,22,0
2900,22,0
2901,44,0
2902,49,0
2903,21,0
2904,22,0
2905,58,0
2906,48,0
2907,37,0
2908,41,0
2909,47,0
2910,35,0
2911,28,0
2912,43,0
2913,20,0
2914,21,0
2915,37,0
2916,18,0
2917,41,0
2918,28,0
2919,40,0
2920,39,0
2921,18,0
2922,23,0
2923,44,0
2924,19,0
2925,41,0
2926,57,0
2927,41,0
2928,39,0
2929,39,0
2930,34,0
2931,28,0
2932,26,0
2933,31,0
2934,19,0
2935,42,0
2936,39,0
2937,21,0
2938,18,0
2939,43,0
2940,38,0
2941,38,0
2942,38,0
2943,47,0
2944,34,0
2945,26,0
2946,28,0
2947,22,0
2948,18,0
2949,54,0
2950,18,0
2951,48,0
2952,17,0
2953,40,0
2954,39,0
2955,19,0
2956,28,0
2957,57,0
2958,18,0
2959,47,0
2960,38,0
2961,57,0
2962,40,0
2963,43,0
2964,36,0
2965,30,0
2966,25,0
2967,25,0
2968,26,0
2969,47,0
2970,59,0
2971,24,0
2972,20,0
2973,45,0
2974,44,0
2975,44,0
2976,47,0
2977,46,0
2978,37,0
2979,29,0
2980,29,0
2981,22,0
2982,21,0
2983,43,0
2984,20,0
2985,44,0
2986,18,0
2987,46,0
2988,40,0
2989,19,0
2990,21,0
2991,60,0
2992,19,0
2993,40,0
2994,41,0
2995,40,0
2996,38,0
2997,35,0
2998,42,0
2999,28,0
3000,27,0
3001,24,0
3002,19,0
3003,42,0
3004,44,0
3005,19,0
3006,18,0
3007,45,0
3008,36,0
3009,42,0
3010,40,0
3011,47,0
3012,42,0
3013,38,0
3014,30,0
3015,22,0
3016,18,0
3017,39,0
3018,21,0
3019,48,0
3020,19,0
3021,49,0
3022,40,0
3023,20,0
3024,18,0
3025,45,0
3026,18,0
3027,40,0
3028,42,0
3029,39,0
3030,37,0
3031,35,0
3032,39,0
3033,25,0
3034,26,0
3035,23,0
3036,35,0
3037,39,0
3038,212,0
3039,29,0
3040,20,0
3041,40,0
3042,36,0
3043,41,0
3044,41,0
3045,40,0
3046,32,0
3047,30,0
3048,31,0
3049,23,0
3050,23,0
3051,38,0
3052,20,0
3053,58,0
3054,19,0
3055,43,0
3056,43,0
3057,20,0
3058,19,0
3059,48,0
3060,26,0
3061,45,0
3062,39,0
3063,39,0
3064,39,0
3065,36,0
3066,32,0
3067,26,0
3068,26,0
3069,28,0
3070,25,0
3071,40,0
3072,47,0
3073,22,0
3074,18,0
3075,59,0
3076,42,0
3077,45,0
3078,42,0
3079,46,0
3080,36,0
3081,39,0
3082,29,0
3083,19,0
3084,18,0
3085,38,0
3086,20,0
3087,40,0
3088,18,0
3089,43,0
3090,37,0
3091,19,0
3092,20,0
3093,44,0
3094,22,0
3095,46,0
3096,38,0
3097,40,0
3098,40,0
3099,43,0
3100,32,0
3101,26,0
3102,28,0
3103,28,0
3104,19,0
3105,48,0
3106,47,0
3107,23,0
3108,18,0
3109,44,0
3110,39,0
3111,51,0
3112,38,0
3113,39,0
3114,35,0
3115,30,0
3116,26,0
3117,57,0
3118,27,0
3119,45,0
3120,20,0
3121,46,0
3122,20,0
3123,42,0
3124,68,0
3125,23,0
3126,22,0
3127,40,0
3128,18,0
3129,44,0
3130,43,0
3131,42,0
3132,42,0
3133,41,0
3134,35,0
3135,30,0
3136,30,0
3137,20,0
3138,22,0
3139,41,0
3140,49,0
3141,24,0
3142,21,0
3143,42,0
3144,42,0
3145,59,0
3146,44,0
3147,44,0
3148,35,0
3149,29,0
3150,32,0
3151,19,0
3152,22,0
3153,41,0
3154,18,0
3155,43,0
3156,19,0
3157,44,0
3158,44,0
3159,18,0
3160,36,0
3161,53,0
3162,20,0
3163,45,0
3164,46,0
3165,40,0
3166,51,0
3167,41,0
3168,34,0
3169,26,0
3170,30,0
3171,24,0
3172,23,0
3173,61,0
3174,47,0
3175,20,0
3176,22,0
3177,69,0
3178,35,0
3179,42,0
3180,52,0
3181,41,0
3182,32,0
3183,29,0
3184,26,0
3185,22,0
3186,19,0
3187,41,0
3188,19,0
3189,52,0
3190,19,0
3191,42,0
3192,41,0
3193,23,0
3194,20,0
3195,47,0
3196,18,0
3197,46,0
3198,39,0
3199,43,0
3200,42,0
3201,48,0
3202,33,0
3203,27,0
3204,30,0
3205,24,0
3206,21,0
3207,42,0
3208,49,0
3209,49,0
3210,26,0
3211,45,0
3212,40,0
3213,38,0
3214,42,0
3215,40,0
3216,34,0
3217,33,0
3218,30,0
3219,20,0
3220,20,0
3221,37,0
3222,20,0
3223,62,0
3224,22,0
3225,46,0
3226,42,0
3227,22,0
3228,21,0
3229,54,0
3230,27,0
3231,45,0
3232,48,0
3233,45,0
3234,38,0
3235,42,0
3236,35,0
3237,28,0
3238,30,0
3239,25,0
3240,22,0
3241,42,0
3242,45,0
3243,18,0
3244,21,0
3245,50,0
3246,44,0
3247,40,0
3248,42,0
3249,37,0
3250,31,0
3251,28,0
3252,41,0
3253,21,0
3254,21,0
3255,39,0
3256,20,0
3257,47,0
3258,19,0
3259,40,0
3260,42,0
3261,22,0
3262,21,0
3263,38,0
3264,19,0
3265,40,0
3266,55,0
3267,39,0
3268,42,0
3269,40,0
3270,38,0
3271,30,0
3272,26,0
3273,31,0
3274,22,0
3275,40,0
3276,46,0
3277,157,0
3278,26,0
3279,41,0
3280,34,0
3281,41,0
3282,42,0
3283,38,0
3284,33,0
3285,30,0
3286,26,0
3287,23,0
3288,19,0
3289,40,0
3290,19,0
3291,45,0
3292,35,0
3293,45,0
3294,42,0
3295,23,0
3296,22,0
3297,46,0
3298,18,0
3299,44,0
3300,44,0
3301,41,0
3302,42,0
3303,38,0
3304,32,0
3305,26,0
3306,28,0
3307,23,0
3308,20,0
3309,42,0
3310,46,0
3311,21,0
3312,18,0
3313,52,0
3314,39,0
3315,40,0
3316,43,0
3317,42,0
3318,36,0
3319,29,0
3320,35,0
3321,23,0
3322,19,0
3323,43,0
3324,20,0
3325,44,0
3326,18,0
3327,44,0
3328,42,0
3329,24,0
3330,19,0
3331,48,0
3332,19,0
3333,43,0
3334,41,0
3335,40,0
3336,50,0
3337,39,0
3338,33,0
3339,25,0
3340,27,0
3341,20,0
3342,18,0
3343,43,0
3344,41,0
3345,21,0
3346,22,0
3347,45,0
3348,37,0
3349,35,0
3350,37,0
3351,41,0
3352,40,0
3353,26,0
3354,25,0
3355,19,0
3356,20,0
3357,48,0
3358,22,0
3359,42,0
3360,21,0
3361,50,0
3362,43,0
3363,22,0
3364,27,0
3365,40,0
3366,18,0
3367,42,0
3368,36,0
3369,37,0
3370,37,0
3371,52,0
3372,51,0
3373,27,0
3374,31,0
3375,20,0
3376,22,0
3377,37,0
3378,44,0
3379,20,0
3380,21,0
3381,51,0
3382,37,0
3383,39,0
3384,39,0
3385,44,0
3386,47,0
3387,30,0
3388,30,0
3389,22,0
3390,18,0
3391,43,0
3392,20,0
3393,55,0
3394,23,0
3395,43,0
3396,42,0
3397,22,0
3398,22,0
3399,40,0
3400,18,0
3401,56,0
3402,39,0
3403,40,0
3404,41,0
3405,37,0
3406,31,0
3407,26,0
3408,27,0
3409,24,0
3410,20,0
3411,41,0
3412,46,0
3413,22,0
3414,18,0
3415,44,0
3416,41,0
3417,44,0
3418,41,0
3419,38,0
3420,33,0
3421,30,0
3422,37,0
3423,23,0
3424,33,0
3425,40,0
3426,22,0
3427,40,0
3428,23,0
3429,51,0
3430,38,0
3431,23,0
3432,22,0
3433,48,0
3434,17,0
3435,40,0
3436,37,0
3437,52,0
3438,43,0
3439,36,0
3440,34,0
3441,28,0
3442,29,0
3443,24,0
3444,23,0
3445,40,0
3446,41,0
3447,19,0
3448,21,0
3449,48,0
3450,41,0
3451,41,0
3452,39,0
3453,44,0
3454,38,0
3455,28,0
3456,28,0
3457,22,0
3458,23,0
3459,53,0
3460,22,0
3461,42,0
3462,18,0
3463,43,0
3464,40,0
3465,21,0
3466,22,0
3467,46,0
3468,24,0
3469,48,0
3470,34,0
3471,40,0
3472,38,0
3473,35,0
3474,29,0
3475,36,0
3476,25,0
3477,21,0
3478,19,0
3479,36,0
3480,49,0
3481,34,0
3482,22,0
3483,48,0
3484,41,0
3485,43,0
3486,37,0
3487,38,0
3488,34,0
3489,27,0
3490,29,0
3491,23,0
3492,22,0
3493,42,0
3494,18,0
3495,44,0
3496,22,0
3497,45,0
3498,42,0
3499,24,0
3500,20,0
3501,47,0
3502,18,0
3503,55,0
3504,47,0
3505,43,0
3506,40,0
3507,38,0
3508,37,0
3509,29,0
3510,29,0
3511,23,0
3512,21,0
3513,43,0
3514,47,0
3515,19,0
3516,20,0
3517,262,0
3518,38,0
3519,40,0
3520,44,0
3521,42,0
3522,32,0
3523,26,0
3524,31,0
3525,23,0
3526,23,0
3527,47,0
3528,19,0
3529,57,0
3530,18,0
3531,39,0
3532,42,0
3533,21,0
3534,19,0
3535,45,0
3536,18,0
3537,43,0
3538,36,0
3539,36,0
3540,39,0
3541,34,0
3542,33,0
3543,29,0
3544,26,0
3545,23,0
3546,23,0
3547,49,0
3548,45,0
3549,48,0
3550,19,0
3551,45,0
3552,39,0
3553,37,0
3554,39,0
3555,39,0
3556,33,0
3557,26,0
3558,28,0
3559,23,0
3560,19,0
3561,41,0
3562,19,0
3563,49,0
3564,33,0
3565,50,0
3566,39,0
3567,24,0
3568,19,0
3569,47,0
3570,19,0
3571,54,0
3572,42,0
3573,43,0
3574,43,0
3575,37,0
3576,32,0
3577,29,0
3578,30,0
3579,24,0
3580,24,0
3581,41,0
3582,43,0
3583,19,0
3584,23,0
3585,53,0
3586,43,0
3587,39,0
3588,44,0
3589,40,0
3590,38,0
3591,26,0
3592,36,0
3593,24,0
3594,35,0
3595,40,0
3596,22,0
3597,47,0
3598,21,0
3599,51,0
3600,36,0
3601,18,0
3602,20,0
3603,43,0
3604,22,0
3605,50,0
3606,51,0
3607,41,0
3608,38,0
3609,38,0
3610,31,0
3611,27,0
3612,27,0
3613,19,0
3614,29,0
3615,35,0
3616,40,0
3617,17,0
3618,17,0
3619,48,0
3620,41,0
3621,47,0
3622,43,0
3623,43,0
3624,33,0
3625,25,0
3626,31,0
3627,22,0
3628,24,0
3629,55,0
3630,21,0
3631,43,0
3632,22,0
3633,46,0
3634,40,0
3635,18,0
3636,29,0
3637,46,0
3638,18,0
3639,52,0
3640,42,0
3641,43,0
3642,42,0
3643,42,0
3644,33,0
3645,28,0
3646,29,0
3647,27,0
3648,24,0
3649,41,0
3650,60,0
3651,23,0
3652,24,0
3653,47,0
3654,37,0
3655,41,0
3656,39,0
3657,39,0
3658,32,0
3659,28,0
3660,28,0
3661,22,0
3662,23,0
3663,39,0
3664,22,0
3665,47,0
3666,23,0
3667,51,0
3668,39,0
3669,28,0
3670,22,0
3671,46,0
3672,28,0
3673,48,0
3674,37,0
3675,42,0
3676,43,0
3677,41,0
3678,40,0
3679,29,0
3680,29,0
3681,24,0
3682,22,0
3683,41,0
3684,46,0
3685,22,0
3686,19,0
3687,50,0
3688,42,0
3689,42,0
3690,41,0
3691,47,0
3692,48,0
3693,28,0
3694,28,0
3695,22,0
3696,19,0
3697,44,0
3698,21,0
3699,42,0
3700,19,0
3701,42,0
3702,39,0
3703,18,0
3704,19,0
3705,47,0
3706,18,0
3707,46,0
3708,37,0
3709,38,0
3710,40,0
3711,38,0
3712,32,0
3713,24,0
3714,27,0
3715,32,0
3716,23,0
3717,40,0
3718,43,0
3719,18,0
3720,21,0
3721,43,0
3722,50,0
3723,43,0
3724,43,0
3725,37,0
3726,32,0
3727,28,0
3728,23,0
3729,18,0
3730,18,0
3731,41,0
3732,21,0
3733,41,0
3734,18,0
3735,57,0
3736,38,0
3737,33,0
3738,19,0
3739,39,0
3740,20,0
3741,42,0
3742,50,0
3743,45,0
3744,49,0
3745,45,0
3746,34,0
3747,38,0
3748,29,0
3749,24,0
3750,23,0
3751,42,0
3752,41,0
3753,18,0
3754,18,0
3755,274,0
3756,42,0
3757,44,0
3758,42,0
3759,37,0
3760,42,0
3761,30,0
3762,32,0
3763,23,0
3764,19,0
3765,41,0
3766,19,0
3767,48,0
3768,19,0
3769,50,0
3770,46,0
3771,22,0
3772,22,0
3773,44,0
3774,18,0
3775,56,0
3776,38,0
3777,53,0
3778,39,0
3779,39,0
3780,31,0
3781,28,0
3782,35,0
3783,22,0
3784,20,0
3785,42,0
3786,42,0
3787,22,0
3788,22,0
3789,47,0
3790,57,0
3791,44,0
3792,39,0
3793,45,0
3794,36,0
3795,29,0
3796,43,0
3797,24,0
3798,23,0
3799,40,0
3800,22,0
3801,44,0
3802,23,0
3803,52,0
3804,41,0
3805,20,0
3806,22,0
3807,47,0
3808,22,0
3809,45,0
3810,39,0
3811,41,0
3812,44,0
3813,56,0
3814,37,0
3815,29,0
3816,29,0
3817,38,0
3818,24,0
3819,40,0
3820,43,0
3821,19,0
3822,23,0
3823,47,0
3824,50,0
3825,42,0
3826,40,0
3827,37,0
3828,34,0
3829,28,0
3830,30,0
3831,24,0
3832,25,0
3833,42,0
3834,23,0
3835,44,0
3836,21,0
3837,47,0
3838,40,0
3839,20,0
3840,23,0
3841,46,0
3842,23,0
3843,44,0
3844,37,0
3845,40,0
3846,42,0
3847,51,0
3848,37,0
3849,28,0
3850,30,0
3851,21,0
3852,22,0
3853,42,0
3854,41,0
3855,18,0
3856,17,0
3857,46,0
3858,36,0
3859,35,0
3860,52,0
3861,50,0
3862,29,0
3863,24,0
3864,25,0
3865,18,0
3866,26,0
3867,39,0
3868,30,0
3869,45,0
3870,19,0
3871,48,0
3872,37,0
3873,25,0
3874,19,0
3875,47,0
3876,17,0
3877,50,0
3878,44,0
3879,42,0
3880,40,0
3881,41,0
3882,48,0
3883,32,0
3884,28,0
3885,23,0
3886,23,0
3887,41,0
3888,44,0
3889,19,0
3890,49,0
3891,49,0
3892,38,0
3893,42,0
3894,42,0
3895,42,0
3896,32,0
3897,29,0
3898,30,0
3899,23,0
3900,19,0
3901,42,0
3902,18,0
3903,45,0
3904,19,0
3905,50,0
3906,39,0
3907,18,0
3908,22,0
3909,44,0
3910,20,0
3911,44,0
3912,38,0
3913,42,0
3914,41,0
3915,37,0
3916,32,0
3917,28,0
3918,29,0
3919,20,0
3920,22,0
3921,43,0
3922,46,0
3923,22,0
3924,22,0
3925,52,0
3926,54,0
3927,51,0
3928,43,0
3929,47,0
3930,40,0
3931,29,0
3932,37,0
3933,20,0
3934,35,0
3935,42,0
3936,23,0
3937,45,0
3938,22,0
3939,45,0
3940,38,0
3941,18,0
3942,22,0
3943,46,0
3944,18,0
3945,54,0
3946,37,0
3947,52,0
3948,45,0
3949,41,0
3950,52,0
3951,32,0
3952,24,0
3953,24,0
3954,32,0
3955,42,0
3956,40,0
3957,22,0
3958,19,0
3959,45,0
3960,39,0
3961,39,0
3962,43,0
3963,41,0
3964,35,0
3965,30,0
3966,27,0
3967,19,0
3968,22,0
3969,51,0
3970,21,0
3971,43,0
3972,18,0
3973,51,0
3974,41,0
3975,22,0
3976,55,0
3977,50,0
3978,23,0
3979,43,0
3980,40,0
3981,41,0
3982,40,0
3983,42,0
3984,31,0
3985,25,0
3986,28,0
3987,20,0
3988,20,0
3989,36,0
3990,61,0
3991,18,0
3992,18,0
3993,279,0
3994,40,0
3995,40,0
3996,55,0
3997,42,0
3998,30,0
3999,28,0
4000,31,0
4001,20,0
4002,25,0
4003,40,0
4004,23,0
4005,49,0
4006,19,0
4007,59,0
4008,40,0
4009,19,0
4010,20,0
4011,43,0
4012,22,0
4013,45,0
4014,46,0
4015,53,0
4016,41,0
4017,37,0
4018,34,0
4019,25,0
4020,23,0
4021,22,0
4022,20,0
4023,40,0
4024,45,0
4025,19,0
4026,32,0
4027,46,0
4028,51,0
4029,40,0
4030,40,0
4031,41,0
4032,32,0
4033,25,0
4034,28,0
4035,30,0
4036,19,0
4037,41,0
4038,18,0
4039,44,0
4040,19,0
4041,42,0
4042,41,0
4043,20,0
4044,21,0
4045,41,0
4046,18,0
4047,42,0
4048,38,0
4049,47,0
4050,61,0
4051,41,0
4052,34,0
4053,25,0
4054,29,0
4055,23,0
4056,23,0
4057,41,0
4058,69,0
4059,20,0
4060,23,0
4061,44,0
4062,41,0
4063,39,0
4064,43,0
4065,40,0
4066,39,0
4067,29,0
4068,27,0
4069,24,0
4070,25,0
4071,39,0
4072,31,0
4073,46,0
4074,22,0
4075,51,0
4076,39,0
4077,22,0
4078,20,0
4079,51,0
4080,20,0
4081,43,0
4082,37,0
4083,39,0
4084,39,0
4085,38,0
4086,35,0
4087,26,0
4088,28,0
4089,23,0
4090,23,0
4091,43,0
4092,44,0
4093,19,0
4094,30,0
4095,56,0
4096,37,0
4097,39,0
4098,40,0
4099,48,0
4100,41,0
4101,29,0
4102,29,0
4103,21,0
4104,24,0
4105,37,0
4106,19,0
4107,43,0
4108,19,0
4109,42,0
4110,40,0
4111,19,0
4112,21,0
4113,47,0
4114,19,0
4115,43,0
4116,49,0
4117,37,0
4118,38,0
4119,44,0
4120,30,0
4121,25,0
4122,23,0
4123,21,0
4124,23,0
4125,46,0
4126,46,0
4127,23,0
4128,31,0
4129,46,0
4130,40,0
4131,36,0
4132,42,0
4133,39,0
4134,30,0
4135,31,0
4136,28,0
4137,19,0
4138,32,0
4139,41,0
4140,21,0
4141,42,0
4142,22,0
4143,49,0
4144,36,0
4145,18,0
4146,47,0
4147,42,0
4148,23,0
4149,45,0
4150,39,0
4151,41,0
4152,40,0
4153,38,0
4154,32,0
4155,25,0
4156,30,0
4157,24,0
4158,22,0
4159,43,0
4160,60,0
4161,18,0
4162,21,0
4163,49,0
4164,39,0
4165,40,0
4166,39,0
4167,46,0
4168,39,0
4169,28,0
4170,25,0
4171,22,0
4172,20,0
4173,41,0
4174,20,0
4175,45,0
4176,19,0
4177,43,0
4178,41,0
4179,22,0
4180,20,0
4181,48,0
4182,31,0
4183,51,0
4184,38,0
4185,39,0
4186,42,0
4187,37,0
4188,44,0
4189,30,0
4190,30,0
4191,23,0
4192,24,0
4193,41,0
4194,45,0
4195,22,0
4196,21,0
4197,51,0
4198,37,0
4199,49,0
4200,38,0
4201,34,0
4202,32,0
4203,30,0
4204,25,0
4205,21,0
4206,18,0
4207,40,0
4208,20,0
4209,45,0
4210,19,0
4211,56,0
4212,40,0
4213,20,0
4214,21,0
4215,41,0
4216,36,0
4217,46,0
4218,40,0
4219,37,0
4220,39,0
4221,39,0
4222,31,0
4223,29,0
4224,28,0
4225,36,0
4226,24,0
4227,39,0
4228,45,0
4229,18,0
4230,21,0
4231,169,0
4232,43,0
4233,40,0
4234,39,0
4235,42,0
4236,33,0
4237,29,0
4238,27,0
4239,28,0
4240,20,0
4241,43,0
4242,35,0
4243,61,0
4244,20,0
4245,42,0
4246,43,0
4247,19,0
4248,19,0
4249,46,0
4250,34,0
4251,41,0
4252,34,0
4253,36,0
4254,46,0
4255,42,0
4256,33,0
4257,32,0
4258,27,0
4259,19,0
4260,21,0
4261,43,0
4262,43,0
4263,19,0
4264,18,0
4265,60,0
4266,40,0
4267,42,0
4268,39,0
4269,43,0
4270,34,0
4271,35,0
4272,30,0
4273,34,0
4274,22,0
4275,42,0
4276,22,0
4277,42,0
4278,23,0
4279,42,0
4280,44,0
4281,20,0
4282,21,0
4283,47,0
4284,18,0
4285,45,0
4286,53,0
4287,40,0
4288,40,0
4289,37,0
4290,35,0
4291,29,0
4292,23,0
4293,32,0
4294,20,0
4295,39,0
4296,44,0
4297,21,0
4298,20,0
4299,63,0
4300,43,0
4301,40,0
4302,40,0
4303,35,0
4304,35,0
4305,26,0
4306,27,0
4307,25,0
4308,26,0
4309,40,0
4310,20,0
4311,46,0
4312,19,0
4313,47,0
4314,43,0
4315,23,0
4316,20,0
4317,46,0
4318,20,0
4319,42,0
4320,39,0
4321,47,0
4322,47,0
4323,42,0
4324,35,0
4325,33,0
4326,31,0
4327,21,0
4328,23,0
4329,55,0
4330,47,0
4331,20,0
4332,21,0
4333,47,0
4334,41,0
4335,39,0
4336,53,0
4337,46,0
4338,35,0
4339,26,0
4340,31,0
4341,19,0
4342,24,0
4343,41,0
4344,22,0
4345,44,0
4346,23,0
4347,44,0
4348,39,0
4349,18,0
4350,23,0
4351,58,0
4352,22,0
4353,48,0
4354,40,0
4355,41,0
4356,41,0
4357,51,0
4358,37,0
4359,26,0
4360,28,0
4361,20,0
4362,23,0
4363,40,0
4364,41,0
4365,19,0
4366,23,0
4367,45,0
4368,36,0
4369,37,0
4370,39,0
4371,40,0
4372,43,0
4373,25,0
4374,26,0
4375,18,0
4376,22,0
4377,47,0
4378,21,0
4379,48,0
4380,27,0
4381,51,0
4382,42,0
4383,18,0
4384,20,0
4385,39,0
4386,19,0
4387,41,0
4388,58,0
4389,38,0
4390,44,0
4391,41,0
4392,35,0
4393,27,0
4394,30,0
4395,24,0
4396,22,0
4397,39,0
4398,53,0
4399,22,0
4400,19,0
4401,59,0
4402,39,0
4403,42,0
4404,42,0
4405,46,0
4406,40,0
4407,29,0
4408,29,0
4409,22,0
4410,24,0
4411,42,0
4412,23,0
4413,45,0
4414,24,0
4415,59,0
4416,42,0
4417,18,0
4418,23,0
4419,48,0
4420,22,0
4421,48,0
4422,49,0
4423,43,0
4424,42,0
4425,42,0
4426,38,0
4427,29,0
4428,30,0
4429,24,0
4430,23,0
4431,42,0
4432,46,0
4433,18,0
4434,21,0
4435,46,0
4436,51,0
4437,44,0
4438,43,0
4439,41,0
4440,36,0
4441,29,0
4442,27,0
4443,29,0
4444,22,0
4445,53,0
4446,24,0
4447,45,0
4448,21,0
4449,49,0
4450,38,0
4451,24,0
4452,21,0
4453,45,0
4454,22,0
4455,41,0
4456,38,0
4457,39,0
4458,61,0
4459,39,0
4460,34,0
4461,29,0
4462,30,0
4463,23,0
4464,22,0
4465,49,0
4466,44,0
4467,18,0
4468,21,0
4469,47,0
4470,149,0
4471,101,0
4472,40,0
4473,37,0
4474,32,0
4475,41,0
4476,30,0
4477,20,0
4478,20,0
4479,44,0
4480,19,0
4481,44,0
4482,19,0
4483,53,0
4484,42,0
4485,23,0
4486,22,0
4487,43,0
4488,19,0
4489,43,0
4490,38,0
4491,43,0
4492,39,0
4493,47,0
4494,36,0
4495,26,0
4496,27,0
4497,23,0
4498,25,0
4499,40,0
4500,44,0
4501,25,0
4502,19,0
4503,39,0
4504,35,0
4505,50,0
4506,38,0
4507,44,0
4508,32,0
4509,27,0
4510,26,0
4511,21,0
4512,21,0
4513,36,0
4514,18,0
4515,45,0
4516,18,0
4517,45,0
4518,38,0
4519,20,0
4520,19,0
4521,45,0
4522,18,0
4523,41,0
4524,34,0
4525,48,0
4526,41,0
4527,49,0
4528,37,0
4529,30,0
4530,27,0
4531,24,0
4532,22,0
4533,41,0
4534,51,0
4535,22,0
4536,22,0
4537,47,0
4538,38,0
4539,40,0
4540,41,0
4541,52,0
4542,37,0
4543,30,0
4544,30,0
4545,22,0
4546,23,0
4547,41,0
4548,22,0
4549,55,0
4550,19,0
4551,56,0
4552,42,0
4553,21,0
4554,23,0
4555,68,0
4556,20,0
4557,63,0
4558,40,0
4559,43,0
4560,39,0
4561,37,0
4562,41,0
4563,30,0
4564,30,0
4565,24,0
4566,23,0
4567,42,0
4568,53,0
4569,23,0
4570,21,0
4571,45,0
4572,37,0
4573,44,0
4574,39,0
4575,43,0
4576,32,0
4577,31,0
4578,33,0
4579,22,0
4580,22,0
4581,44,0
4582,22,0
4583,64,0
4584,19,0
4585,47,0
4586,40,0
4587,19,0
4588,22,0
4589,48,0
4590,31,0
4591,43,0
4592,37,0
4593,40,0
4594,41,0
4595,37,0
4596,33,0
4597,27,0
4598,29,0
4599,20,0
4600,24,0
4601,41,0
4602,50,0
4603,20,0
4604,21,0
4605,62,0
4606,44,0
4607,40,0
4608,43,0
4609,41,0
4610,44,0
4611,28,0
4612,41,0
4613,20,0
4614,22,0
4615,39,0
4616,18,0
4617,43,0
4618,18,0
4619,42,0
4620,39,0
4621,19,0
4622,21,0
4623,43,0
4624,19,0
4625,48,0
4626,51,0
4627,46,0
4628,42,0
4629,37,0
4630,30,0
4631,24,0
4632,24,0
4633,19,0
4634,18,0
4635,36,0
4636,40,0
4637,19,0
4638,17,0
4639,42,0
4640,37,0
4641,39,0
4642,45,0
4643,39,0
4644,39,0
4645,29,0
4646,31,0
4647,18,0
4648,22,0
4649,48,0
4650,20,0
4651,42,0
4652,23,0
4653,39,0
4654,40,0
4655,18,0
4656,19,0
4657,67,0
4658,21,0
4659,39,0
4660,40,0
4661,41,0
4662,40,0
4663,46,0
4664,33,0
4665,30,0
4666,27,0
4667,24,0
4668,18,0
4669,42,0
4670,51,0
4671,35,0
4672,19,0
4673,43,0
4674,39,0
4675,43,0
4676,44,0
4677,54,0
4678,33,0
4679,29,0
4680,30,0
4681,19,0
4682,22,0
4683,40,0
4684,19,0
4685,45,0
4686,18,0
4687,42,0
4688,41,0
4689,20,0
4690,23,0
4691,47,0
4692,19,0
4693,55,0
4694,37,0
4695,40,0
4696,38,0
4697,38,0
4698,36,0
4699,26,0
4700,30,0
4701,23,0
4702,25,0
4703,39,0
4704,41,0
4705,18,0
4706,21,0
4707,42,0
4708,39,0
4709,40,0
4710,35,0
4711,250,0
4712,31,0
4713,27,0
4714,28,0
4715,19,0
4716,19,0
4717,38,0
4718,28,0
4719,46,0
4720,18,0
4721,42,0
4722,42,0
4723,18,0
4724,21,0
4725,43,0
4726,20,0
4727,53,0
4728,40,0
4729,42,0
4730,38,0
4731,41,0
4732,47,0
4733,29,0
4734,27,0
4735,22,0
4736,20,0
4737,38,0
4738,44,0
4739,18,0
4740,29,0
4741,63,0
4742,40,0
4743,39,0
4744,39,0
4745,39,0
4746,35,0
4747,27,0
4748,28,0
4749,23,0
4750,21,0
4751,42,0
4752,19,0
4753,48,0
4754,19,0
4755,55,0
4756,41,0
4757,20,0
4758,23,0
4759,39,0
4760,19,0
4761,39,0
4762,43,0
4763,37,0
4764,36,0
4765,39,0
4766,34,0
4767,25,0
4768,25,0
4769,21,0
4770,18,0
4771,37,0
4772,54,0
4773,19,0
4774,23,0
4775,44,0
4776,43,0
4777,57,0
4778,41,0
4779,41,0
4780,39,0
4781,29,0
4782,26,0
4783,19,0
4784,34,0
4785,40,0
4786,19,0
4787,42,0
4788,19,0
4789,43,0
4790,41,0
4791,21,0
4792,22,0
4793,43,0
4794,17,0
4795,41,0
4796,41,0
4797,38,0
4798,39,0
4799,53,0
4800,52,0
4801,27,0
4802,29,0
4803,25,0
4804,22,0
4805,42,0
4806,47,0
4807,19,0
4808,23,0
4809,42,0
4810,37,0
4811,39,0
4812,37,0
4813,46,0
4814,37,0
4815,28,0
4816,30,0
4817,22,0
4818,19,0
4819,43,0
4820,18,0
4821,49,0
4822,20,0
4823,42,0
4824,41,0
4825,18,0
4826,23,0
4827,42,0
4828,23,0
4829,45,0
4830,39,0
4831,39,0
4832,39,0
4833,41,0
4834,31,0
4835,29,0
4836,26,0
4837,24,0
4838,24,0
4839,44,0
4840,51,0
4841,20,0
4842,21,0
4843,47,0
4844,38,0
4845,39,0
4846,41,0
4847,42,0
4848,35,0
4849,29,0
4850,27,0
4851,24,0
4852,19,0
4853,45,0
4854,20,0
4855,44,0
4856,18,0
4857,43,0
4858,41,0
4859,19,0
4860,19,0
4861,53,0
4862,19,0
4863,42,0
4864,49,0
4865,41,0
4866,40,0
4867,42,0
4868,34,0
4869,26,0
4870,28,0
4871,30,0
4872,19,0
4873,40,0
4874,45,0
4875,22,0
4876,18,0
4877,46,0
4878,41,0
4879,40,0
4880,39,0
4881,45,0
4882,39,0
4883,28,0
4884,43,0
4885,23,0
4886,27,0
4887,38,0
4888,22,0
4889,49,0
4890,18,0
4891,37,0
4892,36,0
4893,28,0
4894,23,0
4895,38,0
4896,21,0
4897,47,0
4898,36,0
4899,36,0
4900,35,0
4901,43,0
4902,37,0
4903,29,0
4904,24,0
4905,23,0
4906,18,0
4907,40,0
4908,66,0
4909,19,0
4910,18,0
4911,53,0
4912,39,0
4913,40,0
4914,67,0
4915,38,0
4916,34,0
4917,27,0
4918,31,0
4919,22,0
4920,22,0
4921,41,0
4922,20,0
4923,46,0
4924,22,0
4925,44,0
4926,47,0
4927,20,0
4928,25,0
4929,67,0
4930,23,0
4931,44,0
4932,39,0
4933,37,0
4934,46,0
4935,39,0
4936,43,0
4937,27,0
4938,30,0
4939,24,0
4940,23,0
4941,45,0
4942,46,0
4943,20,0
4944,21,0
4945,44,0
4946,40,0
4947,39,0
4948,36,0
4949,265,0
4950,32,0
4951,27,0
4952,28,0
4953,31,0
4954,20,0
4955,53,0
4956,19,0
4957,48,0
4958,19,0
4959,41,0
4960,41,0
4961,19,0
4962,19,0
4963,46,0
4964,19,0
4965,42,0
4966,35,0
4967,35,0
4968,52,0
4969,40,0
4970,30,0
4971,28,0
4972,44,0
4973,26,0
4974,20,0
4975,52,0
4976,47,0
4977,22,0
4978,18,0
4979,47,0
4980,42,0
4981,37,0
4982,41,0
4983,39,0
4984,35,0
4985,28,0
4986,32,0
4987,21,0
4988,21,0
4989,42,0
4990,20,0
4991,47,0
4992,18,0
4993,46,0
4994,42,0
4995,23,0
4996,24,0
4997,55,0
4998,19,0
4999,43,0
5000,39,0
5001,40,0
5002,42,0
5003,42,0
5004,39,0
5005,30,0
5006,31,0
5007,24,0
5008,22,0
5009,43,0
5010,50,0
5011,22,0
5012,24,0
5013,40,0
5014,37,0
5015,39,0
5016,47,0
5017,50,0
5018,37,0
5019,25,0
5020,25,0
5021,19,0
5022,20,0
5023,38,0
5024,19,0
5025,44,0
5026,19,0
5027,45,0
5028,40,0
5029,23,0
5030,24,0
5031,50,0
5032,18,0
5033,58,0
5034,40,0
5035,42,0
5036,40,0
5037,37,0
5038,31,0
5039,25,0
5040,24,0
5041,21,0
5042,18,0
5043,39,0
5044,43,0
5045,19,0
5046,22,0
5047,44,0
5048,41,0
5049,39,0
5050,39,0
5051,42,0
5052,34,0
5053,25,0
5054,41,0
5055,23,0
5056,22,0
5057,41,0
5058,18,0
5059,51,0
5060,23,0
5061,44,0
5062,47,0
5063,21,0
5064,23,0
5065,45,0
5066,21,0
5067,43,0
5068,39,0
5069,42,0
5070,41,0
5071,36,0
5072,31,0
5073,29,0
5074,29,0
5075,24,0
5076,24,0
5077,52,0
5078,51,0
5079,26,0
5080,21,0
5081,42,0
5082,43,0
5083,48,0
5084,45,0
5085,43,0
5086,35,0
5087,29,0
5088,27,0
5089,24,0
5090,22,0
5091,48,0
5092,23,0
5093,47,0
5094,22,0
5095,43,0
5096,39,0
5097,22,0
5098,34,0
5099,53,0
5100,20,0
5101,46,0
5102,39,0
5103,43,0
5104,57,0
5105,44,0
5106,35,0
5107,29,0
5108,31,0
5109,21,0
5110,22,0
5111,43,0
5112,42,0
5113,22,0
5114,17,0
5115,45,0
5116,40,0
5117,40,0
5118,48,0
5119,46,0
5120,37,0
5121,30,0
5122,29,0
5123,23,0
5124,25,0
5125,42,0
5126,22,0
5127,48,0
5128,18,0
5129,44,0
5130,43,0
5131,18,0
5132,23,0
5133,40,0
5134,18,0
5135,42,0
5136,43,0
5137,43,0
5138,43,0
5139,41,0
5140,49,0
5141,35,0
5142,29,0
5143,24,0
5144,23,0
5145,39,0
5146,47,0
5147,19,0
5148,19,0
5149,38,0
5150,33,0
5151,35,0
5152,38,0
5153,37,0
5154,32,0
5155,27,0
5156,25,0
5157,18,0
5158,18,0
5159,38,0
5160,18,0
5161,36,0
5162,17,0
5163,55,0
5164,41,0
5165,19,0
5166,18,0
5167,46,0
5168,17,0
5169,40,0
5170,33,0
5171,75,0
5172,46,0
5173,40,0
5174,32,0
5175,32,0
5176,25,0
5177,21,0
5178,23,0
5179,40,0
5180,47,0
5181,18,0
5182,21,0
5183,43,0
5184,42,0
5185,53,0
5186,41,0
5187,284,0
5188,32,0
5189,27,0
5190,29,0
5191,20,0
5192,19,0
5193,45,0
5194,19,0
5195,46,0
5196,20,0
5197,45,0
5198,44,0
5199,22,0
5200,22,0
5201,44,0
5202,20,0
5203,46,0
5204,42,0
5205,41,0
5206,44,0
5207,42,0
5208,36,0
5209,38,0
5210,27,0
5211,23,0
5212,23,0
5213,41,0
5214,42,0
5215,19,0
5216,21,0
5217,63,0
5218,40,0
5219,42,0
5220,37,0
5221,40,0
5222,39,0
5223,30,0
5224,32,0
5225,23,0
5226,24,0
5227,48,0
5228,19,0
5229,60,0
5230,23,0
5231,45,0
5232,42,0
5233,20,0
5234,24,0
5235,43,0
5236,18,0
5237,43,0
5238,38,0
5239,40,0
5240,45,0
5241,52,0
5242,47,0
5243,29,0
5244,27,0
5245,23,0
5246,19,0
5247,38,0
5248,46,0
5249,18,0
5250,31,0
5251,46,0
5252,37,0
5253,42,0
5254,40,0
5255,42,0
5256,41,0
5257,30,0
5258,31,0
5259,23,0
5260,24,0
5261,37,0
5262,19,0
5263,44,0
5264,20,0
5265,48,0
5266,43,0
5267,21,0
5268,23,0
5269,44,0
5270,18,0
5271,46,0
5272,43,0
5273,40,0
5274,42,0
5275,38,0
5276,35,0
5277,29,0
5278,24,0
5279,21,0
5280,23,0
5281,39,0
5282,46,0
5283,22,0
5284,23,0
5285,47,0
5286,47,0
5287,41,0
5288,44,0
5289,44,0
5290,35,0
5291,31,0
5292,29,0
5293,34,0
5294,20,0
5295,40,0
5296,18,0
5297,53,0
5298,21,0
5299,43,0
5300,43,0
5301,22,0
5302,21,0
5303,53,0
5304,21,0
5305,46,0
5306,39,0
5307,50,0
5308,56,0
5309,37,0
5310,34,0
5311,28,0
5312,46,0
5313,26,0
5314,22,0
5315,39,0
5316,51,0
5317,21,0
5318,22,0
5319,46,0
5320,41,0
5321,43,0
5322,45,0
5323,41,0
5324,32,0
5325,29,0
5326,27,0
5327,24,0
5328,33,0
5329,42,0
5330,20,0
5331,47,0
5332,31,0
5333,46,0
5334,41,0
5335,43,0
5336,30,0
5337,56,0
5338,24,0
5339,45,0
5340,38,0
5341,40,0
5342,43,0
5343,43,0
5344,32,0
5345,29,0
5346,27,0
5347,24,0
5348,20,0
5349,54,0
5350,47,0
5351,19,0
5352,21,0
5353,41,0
5354,38,0
5355,39,0
5356,51,0
5357,42,0
5358,36,0
5359,28,0
5360,31,0
5361,21,0
5362,25,0
5363,42,0
5364,23,0
5365,47,0
5366,18,0
5367,45,0
5368,39,0
5369,22,0
5370,21,0
5371,56,0
5372,18,0
5373,42,0
5374,43,0
5375,45,0
5376,41,0
5377,48,0
5378,37,0
5379,38,0
5380,28,0
5381,25,0
5382,23,0
5383,41,0
5384,46,0
5385,18,0
5386,22,0
5387,44,0
5388,36,0
5389,38,0
5390,38,0
5391,44,0
5392,46,0
5393,29,0
5394,27,0
5395,22,0
5396,18,0
5397,41,0
5398,18,0
5399,45,0
5400,27,0
5401,41,0
5402,43,0
5403,19,0
5404,21,0
5405,45,0
5406,19,0
5407,38,0
5408,33,0
5409,36,0
5410,38,0
5411,38,0
5412,31,0
5413,25,0
5414,23,0
5415,21,0
5416,20,0
5417,45,0
5418,48,0
5419,17,0
5420,18,0
5421,44,0
5422,42,0
5423,65,0
5424,42,0
5425,246,0
5426,33,0
5427,28,0
5428,30,0
5429,21,0
5430,23,0
5431,47,0
5432,37,0
5433,46,0
5434,19,0
5435,46,0
5436,43,0
5437,22,0
5438,22,0
5439,52,0
5440,20,0
5441,43,0
5442,38,0
5443,40,0
5444,44,0
5445,41,0
5446,35,0
5447,28,0
5448,32,0
5449,23,0
5450,24,0
5451,42,0
5452,48,0
5453,33,0
5454,23,0
5455,44,0
5456,44,0
5457,40,0
5458,40,0
5459,40,0
5460,35,0
5461,38,0
5462,31,0
5463,23,0
5464,23,0
5465,41,0
5466,22,0
5467,41,0
5468,21,0
5469,47,0
5470,37,0
5471,19,0
5472,23,0
5473,41,0
5474,21,0
5475,56,0
5476,40,0
5477,38,0
5478,38,0
5479,37,0
5480,30,0
5481,28,0
5482,53,0
5483,20,0
5484,22,0
5485,42,0
5486,51,0
5487,19,0
5488,23,0
5489,46,0
5490,40,0
5491,43,0
5492,45,0
5493,41,0
5494,34,0
5495,29,0
5496,40,0
5497,23,0
5498,24,0
5499,40,0
5500,22,0
5501,48,0
5502,21,0
5503,53,0
5504,41,0
5505,23,0
5506,27,0
5507,54,0
5508,22,0
5509,42,0
5510,40,0
5511,39,0
5512,41,0
5513,35,0
5514,33,0
5515,29,0
5516,27,0
5517,25,0
5518,34,0
5519,41,0
5520,46,0
5521,19,0
5522,23,0
5523,45,0
5524,37,0
5525,70,0
5526,42,0
5527,45,0
5528,38,0
5529,26,0
5530,28,0
5531,22,0
5532,23,0
5533,47,0
5534,19,0
5535,47,0
5536,21,0
5537,42,0
5538,41,0
5539,31,0
5540,20,0
5541,39,0
5542,18,0
5543,49,0
5544,46,0
5545,36,0
5546,44,0
5547,36,0
5548,34,0
5549,30,0
5550,30,0
5551,21,0
5552,24,0
5553,45,0
5554,48,0
5555,23,0
5556,18,0
5557,48,0
5558,45,0
5559,38,0
5560,57,0
5561,43,0
5562,33,0
5563,26,0
5564,29,0
5565,20,0
5566,22,0
5567,40,0
5568,29,0
5569,43,0
5570,30,0
5571,41,0
5572,38,0
5573,18,0
5574,22,0
5575,45,0
5576,19,0
5577,42,0
5578,36,0
5579,35,0
5580,50,0
5581,42,0
5582,47,0
5583,26,0
5584,29,0
5585,19,0
5586,22,0
5587,39,0
5588,43,0
5589,22,0
5590,21,0
5591,61,0
5592,38,0
5593,42,0
5594,42,0
5595,41,0
5596,33,0
5597,29,0
5598,31,0
5599,20,0
5600,25,0
5601,40,0
5602,20,0
5603,48,0
5604,19,0
5605,54,0
5606,40,0
5607,23,0
5608,23,0
5609,41,0
5610,20,0
5611,42,0
5612,52,0
5613,41,0
5614,43,0
5615,37,0
5616,33,0
5617,26,0
5618,30,0
5619,25,0
5620,24,0
5621,42,0
5622,45,0
5623,18,0
5624,23,0
5625,43,0
5626,37,0
5627,41,0
5628,41,0
5629,38,0
5630,33,0
5631,26,0
5632,31,0
5633,23,0
5634,19,0
5635,53,0
5636,18,0
5637,45,0
5638,18,0
5639,41,0
5640,43,0
5641,19,0
5642,18,0
5643,52,0
5644,17,0
5645,43,0
5646,36,0
5647,38,0
5648,49,0
5649,40,0
5650,30,0
5651,29,0
5652,26,0
5653,24,0
5654,23,0
5655,41,0
5656,54,0
5657,24,0
5658,19,0
5659,43,0
5660,41,0
5661,47,0
5662,40,0
5663,245,0
5664,30,0
5665,28,0
5666,26,0
5667,20,0
5668,20,0
5669,37,0
5670,19,0
5671,40,0
5672,18,0
5673,40,0
5674,72,0
5675,19,0
5676,19,0
5677,41,0
5678,20,0
5679,56,0
5680,45,0
5681,44,0
5682,42,0
5683,44,0
5684,36,0
5685,27,0
5686,29,0
5687,23,0
5688,25,0
5689,41,0
5690,48,0
5691,20,0
5692,30,0
5693,43,0
5694,40,0
5695,40,0
5696,40,0
5697,36,0
5698,32,0
5699,27,0
5700,28,0
5701,23,0
5702,21,0
5703,40,0
5704,22,0
5705,50,0
5706,18,0
5707,49,0
5708,44,0
5709,36,0
5710,22,0
5711,45,0
5712,18,0
5713,43,0
5714,40,0
5715,36,0
5716,52,0
5717,38,0
5718,35,0
5719,29,0
5720,30,0
5721,23,0
5722,22,0
5723,39,0
5724,46,0
5725,27,0
5726,22,0
5727,44,0
5728,36,0
5729,39,0
5730,39,0
5731,41,0
5732,37,0
5733,30,0
5734,29,0
5735,18,0
5736,22,0
5737,38,0
5738,29,0
5739,61,0
5740,24,0
5741,44,0
5742,40,0
5743,20,0
5744,22,0
5745,50,0
5746,21,0
5747,44,0
5748,37,0
5749,40,0
5750,39,0
5751,45,0
5752,44,0
5753,28,0
5754,26,0
5755,24,0
5756,18,0
5757,41,0
5758,48,0
5759,21,0
5760,37,0
5761,42,0
5762,39,0
5763,37,0
5764,40,0
5765,44,0
5766,35,0
5767,29,0
5768,29,0
5769,22,0
5770,19,0
5771,41,0
5772,19,0
5773,50,0
5774,34,0
5775,47,0
5776,38,0
5777,22,0
5778,23,0
5779,46,0
5780,18,0
5781,57,0
5782,41,0
5783,44,0
5784,42,0
5785,37,0
5786,29,0
5787,29,0
5788,29,0
5789,22,0
5790,24,0
5791,42,0
5792,48,0
5793,20,0
5794,21,0
5795,46,0
5796,42,0
5797,37,0
5798,40,0
5799,39,0
5800,37,0
5801,29,0
5802,26,0
5803,23,0
5804,19,0
5805,41,0
5806,20,0
5807,43,0
5808,21,0
5809,46,0
5810,39,0
5811,19,0
5812,19,0
5813,43,0
5814,19,0
5815,38,0
5816,33,0
5817,37,0
5818,57,0
5819,41,0
5820,31,0
5821,30,0
5822,31,0
5823,23,0
5824,22,0
5825,53,0
5826,43,0
5827,22,0
5828,21,0
5829,45,0
5830,37,0
5831,40,0
5832,42,0
5833,47,0
5834,39,0
5835,30,0
5836,33,0
5837,24,0
5838,24,0
5839,43,0
5840,24,0
5841,49,0
5842,20,0
5843,47,0
5844,42,0
5845,22,0
5846,24,0
5847,48,0
5848,22,0
5849,47,0
5850,42,0
5851,40,0
5852,43,0
5853,41,0
5854,34,0
5855,29,0
5856,30,0
5857,25,0
5858,27,0
5859,39,0
5860,63,0
5861,22,0
5862,20,0
5863,46,0
5864,39,0
5865,42,0
5866,52,0
5867,41,0
5868,32,0
5869,29,0
5870,31,0
5871,22,0
5872,22,0
5873,42,0
5874,18,0
5875,46,0
5876,21,0
5877,45,0
5878,44,0
5879,21,0
5880,22,0
5881,66,0
5882,22,0
5883,51,0
5884,38,0
5885,43,0
5886,44,0
5887,49,0
5888,32,0
5889,26,0
5890,48,0
5891,26,0
5892,20,0
5893,41,0
5894,46,0
5895,22,0
5896,18,0
5897,45,0
5898,46,0
5899,40,0
5900,39,0
5901,4201,0
5902,48,0
5903,37,0
5904,28,0
5905,22,0
5906,21,0
5907,43,0
5908,24,0
5909,45,0
5910,19,0
5911,50,0
5912,41,0
5913,23,0
5914,18,0
5915,49,0
5916,18,0
5917,45,0
5918,37,0
5919,44,0
5920,41,0
5921,41,0
5922,32,0
5923,29,0
5924,29,0
5925,28,0
5926,20,0
5927,37,0
5928,46,0
5929,19,0
5930,18,0
5931,43,0
5932,38,0
5933,40,0
5934,40,0
5935,40,0
5936,33,0
5937,25,0
5938,26,0
5939,20,0
5940,23,0
5941,49,0
5942,20,0
5943,43,0
5944,18,0
5945,41,0
5946,37,0
5947,31,0
5948,31,0
5949,48,0
5950,22,0
5951,44,0
5952,41,0
5953,44,0
5954,40,0
5955,38,0
5956,36,0
5957,27,0
5958,31,0
5959,25,0
5960,23,0
5961,43,0
5962,62,0
5963,20,0
5964,24,0
5965,47,0
5966,36,0
5967,37,0
5968,41,0
5969,45,0
5970,33,0
5971,29,0
5972,28,0
5973,24,0
5974,21,0
5975,40,0
5976,19,0
5977,50,0
5978,23,0
5979,43,0
5980,42,0
5981,23,0
5982,23,0
5983,58,0
5984,30,0
5985,45,0
5986,42,0
5987,41,0
5988,42,0
5989,40,0
5990,49,0
5991,27,0
5992,29,0
5993,20,0
5994,21,0
5995,41,0
5996,45,0
5997,21,0
5998,22,0
5999,43,0
6000,33,0
6001,42,0
6002,41,0
6003,43,0
6004,32,0
6005,39,0
6006,29,0
6007,21,0
6008,19,0
6009,45,0
6010,20,0
6011,54,0
6012,23,0
6013,66,0
6014,42,0
6015,18,0
6016,23,0
6017,42,0
6018,19,0
6019,42,0
6020,41,0
6021,39,0
6022,41,0
6023,37,0
6024,31,0
6025,30,0
6026,27,0
6027,37,0
6028,23,0
6029,46,0
6030,52,0
6031,24,0
6032,21,0
6033,39,0
6034,52,0
6035,43,0
6036,42,0
6037,42,0
6038,32,0
6039,28,0
6040,29,0
6041,20,0
6042,22,0
6043,40,0
6044,20,0
6045,45,0
6046,20,0
6047,42,0
6048,47,0
6049,23,0
6050,23,0
6051,47,0
6052,20,0
6053,42,0
6054,39,0
6055,42,0
6056,48,0
6057,50,0
6058,32,0
6059,32,0
6060,28,0
6061,20,0
6062,18,0
6063,36,0
6064,48,0
6065,18,0
6066,17,0
6067,50,0
6068,42,0
6069,44,0
6070,52,0
6071,42,0
6072,36,0
6073,29,0
6074,31,0
6075,19,0
6076,24,0
6077,39,0
6078,30,0
6079,45,0
6080,17,0
6081,43,0
6082,61,0
6083,18,0
6084,27,0
6085,40,0
6086,18,0
6087,40,0
6088,41,0
6089,37,0
6090,39,0
6091,39,0
6092,43,0
6093,29,0
6094,29,0
6095,25,0
6096,23,0
6097,39,0
6098,49,0
6099,18,0
6100,30,0
6101,43,0
6102,37,0
6103,39,0
6104,42,0
6105,42,0
6106,35,0
6107,29,0
6108,28,0
6109,26,0
6110,23,0
6111,42,0
6112,19,0
6113,43,0
6114,18,0
6115,42,0
6116,41,0
6117,20,0
6118,21,0
6119,48,0
6120,18,0
6121,43,0
6122,47,0
6123,39,0
6124,41,0
6125,35,0
6126,31,0
6127,29,0
6128,27,0
6129,25,0
6130,21,0
6131,42,0
6132,44,0
6133,22,0
6134,20,0
6135,45,0
6136,41,0
6137,43,0
6138,39,0
6139,47,0
6140,37,0
6141,29,0
6142,252,0
6143,22,0
6144,20,0
6145,37,0
6146,21,0
6147,48,0
6148,19,0
6149,44,0
6150,42,0
6151,23,0
6152,22,0
6153,54,0
6154,19,0
6155,43,0
6156,40,0
6157,41,0
6158,43,0
6159,41,0
6160,37,0
6161,28,0
6162,30,0
6163,20,0
6164,24,0
6165,41,0
6166,45,0
6167,23,0
6168,22,0
6169,43,0
6170,40,0
6171,37,0
6172,51,0
6173,40,0
6174,44,0
6175,28,0
6176,30,0
6177,19,0
6178,22,0
6179,41,0
6180,21,0
6181,47,0
6182,45,0
6183,43,0
6184,36,0
6185,21,0
6186,19,0
6187,41,0
6188,18,0
6189,45,0
6190,46,0
6191,41,0
6192,37,0
6193,41,0
6194,28,0
6195,29,0
6196,44,0
6197,22,0
6198,19,0
6199,47,0
6200,56,0
6201,19,0
6202,22,0
6203,55,0
6204,44,0
6205,50,0
6206,45,0
6207,42,0
6208,39,0
6209,30,0
6210,38,0
6211,23,0
6212,19,0
6213,46,0
6214,22,0
6215,52,0
6216,20,0
6217,57,0
6218,41,0
6219,20,0
6220,24,0
6221,54,0
6222,19,0
6223,43,0
6224,51,0
6225,55,0
6226,39,0
6227,38,0
6228,38,0
6229,26,0
6230,29,0
6231,23,0
6232,22,0
6233,41,0
6234,45,0
6235,22,0
6236,21,0
6237,45,0
6238,46,0
6239,42,0
6240,39,0
6241,38,0
6242,30,0
6243,28,0
6244,30,0
6245,33,0
6246,19,0
6247,41,0
6248,19,0
6249,49,0
6250,18,0
6251,42,0
6252,41,0
6253,22,0
6254,18,0
6255,45,0
6256,19,0
6257,45,0
6258,39,0
6259,42,0
6260,58,0
6261,47,0
6262,32,0
6263,30,0
6264,26,0
6265,24,0
6266,22,0
6267,51,0
6268,60,0
6269,20,0
6270,22,0
6271,45,0
6272,41,0
6273,38,0
6274,38,0
6275,38,0
6276,32,0
6277,28,0
6278,31,0
6279,19,0
6280,22,0
6281,42,0
6282,21,0
6283,46,0
6284,19,0
6285,49,0
6286,44,0
6287,18,0
6288,21,0
6289,55,0
6290,18,0
6291,45,0
6292,39,0
6293,43,0
6294,58,0
6295,47,0
6296,35,0
6297,27,0
6298,29,0
6299,24,0
6300,19,0
6301,45,0
6302,46,0
6303,23,0
6304,18,0
6305,46,0
6306,36,0
6307,39,0
6308,40,0
6309,39,0
6310,33,0
6311,42,0
6312,30,0
6313,18,0
6314,20,0
6315,35,0
6316,46,0
6317,55,0
6318,21,0
6319,51,0
6320,39,0
6321,17,0
6322,17,0
6323,38,0
6324,27,0
6325,49,0
6326,41,0
6327,38,0
6328,42,0
6329,45,0
6330,35,0
6331,26,0
6332,23,0
6333,26,0
6334,21,0
6335,42,0
6336,51,0
6337,20,0
6338,21,0
6339,41,0
6340,36,0
6341,39,0
6342,38,0
6343,38,0
6344,33,0
6345,29,0
6346,41,0
6347,22,0
6348,22,0
6349,43,0
6350,21,0
6351,40,0
6352,21,0
6353,46,0
6354,43,0
6355,25,0
6356,58,0
6357,55,0
6358,20,0
6359,45,0
6360,45,0
6361,42,0
6362,46,0
6363,41,0
6364,35,0
6365,35,0
6366,31,0
6367,27,0
6368,23,0
6369,47,0
6370,48,0
6371,21,0
6372,24,0
6373,51,0
6374,46,0
6375,48,0
6376,57,0
6377,37,0
6378,32,0
6379,28,0
6380,32,0
6381,21,0
6382,22,0
6383,403,0
6384,22,0
6385,54,0
6386,20,0
6387,54,0
6388,42,0
6389,19,0
6390,18,0
6391,47,0
6392,18,0
6393,44,0
6394,37,0
6395,41,0
6396,38,0
6397,34,0
6398,34,0
6399,40,0
6400,27,0
6401,22,0
6402,19,0
6403,40,0
6404,44,0
6405,22,0
6406,20,0
6407,59,0
6408,38,0
6409,36,0
6410,38,0
6411,39,0
6412,35,0
6413,28,0
6414,27,0
6415,22,0
6416,21,0
6417,40,0
6418,19,0
6419,42,0
6420,18,0
6421,45,0
6422,52,0
6423,23,0
6424,22,0
6425,42,0
6426,21,0
6427,43,0
6428,37,0
6429,47,0
6430,40,0
6431,44,0
6432,31,0
6433,28,0
6434,28,0
6435,22,0
6436,23,0
6437,42,0
6438,60,0
6439,21,0
6440,19,0
6441,49,0
6442,35,0
6443,37,0
6444,48,0
6445,39,0
6446,30,0
6447,25,0
6448,46,0
6449,27,0
6450,20,0
6451,62,0
6452,19,0
6453,44,0
6454,20,0
6455,43,0
6456,47,0
6457,22,0
6458,23,0
6459,56,0
6460,24,0
6461,58,0
6462,50,0
6463,55,0
6464,57,0
6465,47,0
6466,40,0
6467,32,0
6468,28,0
6469,23,0
6470,21,0
6471,51,0
6472,43,0
6473,22,0
6474,22,0
6475,48,0
6476,43,0
6477,43,0
6478,45,0
6479,51,0
6480,36,0
6481,32,0
6482,23,0
6483,25,0
6484,22,0
6485,52,0
6486,25,0
6487,48,0
6488,18,0
6489,42,0
6490,41,0
6491,22,0
6492,18,0
6493,45,0
6494,21,0
6495,38,0
6496,37,0
6497,35,0
6498,38,0
6499,55,0
6500,31,0
6501,27,0
6502,32,0
6503,22,0
6504,21,0
6505,39,0
6506,49,0
6507,25,0
6508,29,0
6509,62,0
6510,44,0
6511,42,0
6512,41,0
6513,40,0
6514,34,0
6515,28,0
6516,25,0
6517,23,0
6518,22,0
6519,42,0
6520,18,0
6521,45,0
6522,20,0
6523,42,0
6524,38,0
6525,18,0
6526,22,0
6527,46,0
6528,18,0
6529,42,0
6530,37,0
6531,35,0
6532,39,0
6533,36,0
6534,33,0
6535,25,0
6536,41,0
6537,23,0
6538,22,0
6539,44,0
6540,44,0
6541,19,0
6542,21,0
6543,45,0
6544,40,0
6545,37,0
6546,41,0
6547,37,0
6548,32,0
6549,28,0
6550,41,0
6551,24,0
6552,22,0
6553,37,0
6554,23,0
6555,52,0
6556,19,0
6557,52,0
6558,41,0
6559,19,0
6560,21,0
6561,46,0
6562,18,0
6563,44,0
6564,39,0
6565,40,0
6566,38,0
6567,39,0
6568,36,0
6569,25,0
6570,29,0
6571,20,0
6572,19,0
6573,39,0
6574,49,0
6575,18,0
6576,17,0
6577,43,0
6578,36,0
6579,45,0
6580,39,0
6581,36,0
6582,31,0
6583,25,0
6584,24,0
6585,25,0
6586,21,0
6587,43,0
6588,18,0
6589,40,0
6590,19,0
6591,37,0
6592,35,0
6593,19,0
6594,18,0
6595,46,0
6596,19,0
6597,44,0
6598,41,0
6599,41,0
6600,42,0
6601,37,0
6602,59,0
6603,30,0
6604,30,0
6605,23,0
6606,24,0
6607,42,0
6608,45,0
6609,22,0
6610,21,0
6611,46,0
6612,43,0
6613,44,0
6614,44,0
6615,41,0
6616,48,0
6617,29,0
6618,24,0
6619,24,0
6620,23,0
6621,42,0
6622,20,0
6623,287,0
6624,43,0
6625,56,0
6626,57,0
6627,27,0
6628,28,0
6629,51,0
6630,49,0
6631,48,0
6632,44,0
6633,89,0
6634,29,0
6635,40,0
6636,20,0
6637,24,0
6638,18,0
6639,16,0
6640,16,0
6641,26,0
6642,28,0
6643,15,0
6644,14,0
6645,27,0
6646,25,0
6647,27,0
6648,25,0
6649,26,0
6650,21,0
6651,19,0
6652,19,0
6653,27,0
6654,16,0
6655,47,0
6656,14,0
6657,27,0
6658,14,0
6659,27,0
6660,25,0
6661,14,0
6662,17,0
6663,27,0
6664,22,0
6665,31,0
6666,23,0
6667,24,0
6668,24,0
6669,24,0
6670,20,0
6671,18,0
6672,19,0
6673,15,0
6674,15,0
6675,32,0
6676,25,0
6677,15,0
6678,15,0
6679,34,0
6680,23,0
6681,25,0
6682,25,0
6683,25,0
6684,44,0
6685,29,0
6686,27,0
6687,27,0
6688,19,0
6689,41,0
6690,18,0
6691,44,0
6692,19,0
6693,45,0
6694,41,0
6695,18,0
6696,18,0
6697,48,0
6698,18,0
6699,43,0
6700,45,0
6701,41,0
6702,39,0
6703,55,0
6704,37,0
6705,27,0
6706,26,0
6707,19,0
6708,20,0
6709,40,0
6710,54,0
6711,20,0
6712,18,0
6713,53,0
6714,35,0
6715,37,0
6716,37,0
6717,38,0
6718,37,0
6719,29,0
6720,26,0
6721,21,0
6722,20,0
6723,41,0
6724,19,0
6725,65,0
6726,22,0
6727,43,0
6728,40,0
6729,19,0
6730,21,0
6731,40,0
6732,18,0
6733,46,0
6734,39,0
6735,51,0
6736,38,0
6737,42,0
6738,34,0
6739,25,0
6740,25,0
6741,18,0
6742,20,0
6743,37,0
6744,46,0
6745,18,0
6746,17,0
6747,55,0
6748,42,0
6749,38,0
6750,36,0
6751,34,0
6752,28,0
6753,24,0
6754,32,0
6755,20,0
6756,20,0
6757,36,0
6758,21,0
6759,41,0
6760,17,0
6761,39,0
6762,31,0
6763,17,0
6764,13,0
6765,30,0
6766,15,0
6767,24,0
6768,21,0
6769,25,0
6770,29,0
6771,21,0
6772,21,0
6773,66,0
6774,31,0
6775,22,0
6776,22,0
6777,37,0
6778,49,0
6779,37,0
6780,22,0
6781,45,0
6782,40,0
6783,44,0
6784,41,0
6785,38,0
6786,52,0
6787,28,0
6788,34,0
6789,26,0
6790,24,0
6791,43,0
6792,22,0
6793,51,0
6794,18,0
6795,48,0
6796,40,0
6797,25,0
6798,23,0
6799,45,0
6800,28,0
6801,43,0
6802,40,0
6803,41,0
6804,43,0
6805,45,0
6806,53,0
6807,32,0
6808,30,0
6809,23,0
6810,20,0
6811,48,0
6812,52,0
6813,22,0
6814,22,0
6815,41,0
6816,36,0
6817,54,0
6818,44,0
6819,42,0
6820,46,0
6821,44,0
6822,30,0
6823,25,0
6824,22,0
6825,42,0
6826,22,0
6827,52,0
6828,22,0
6829,44,0
6830,65,0
6831,24,0
6832,26,0
6833,60,0
6834,19,0
6835,38,0
6836,37,0
6837,41,0
6838,63,0
6839,43,0
6840,30,0
6841,33,0
6842,26,0
6843,25,0
6844,19,0
6845,60,0
6846,46,0
6847,20,0
6848,22,0
6849,43,0
6850,43,0
6851,42,0
6852,39,0
6853,43,0
6854,34,0
6855,27,0
6856,26,0
6857,24,0
6858,23,0
6859,50,0
6860,20,0
6861,49,0
6862,1105,0
6863,67,0
6864,41,0
6865,19,0
6866,19,0
6867,39,0
6868,19,0
6869,40,0
6870,34,0
6871,36,0
6872,43,0
6873,34,0
6874,34,0
6875,20,0
6876,18,0
6877,15,0
6878,15,0
6879,29,0
6880,49,0
6881,16,0
6882,21,0
6883,49,0
6884,38,0
6885,42,0
6886,41,0
6887,49,0
6888,37,0
6889,27,0
6890,25,0
6891,20,0
6892,22,0
6893,42,0
6894,19,0
6895,44,0
6896,19,0
6897,56,0
6898,40,0
6899,23,0
6900,24,0
6901,52,0
6902,37,0
6903,53,0
6904,40,0
6905,43,0
6906,43,0
6907,46,0
6908,36,0
6909,27,0
6910,32,0
6911,23,0
6912,22,0
6913,42,0
6914,49,0
6915,23,0
6916,22,0
6917,67,0
6918,40,0
6919,45,0
6920,43,0
6921,53,0
6922,37,0
6923,30,0
6924,30,0
6925,37,0
6926,22,0
6927,39,0
6928,19,0
6929,73,0
6930,22,0
6931,46,0
6932,42,0
6933,21,0
6934,22,0
6935,46,0
6936,18,0
6937,50,0
6938,41,0
6939,46,0
6940,49,0
6941,42,0
6942,58,0
6943,30,0
6944,25,0
6945,23,0
6946,21,0
6947,39,0
6948,45,0
6949,31,0
6950,22,0
6951,42,0
6952,39,0
6953,39,0
6954,39,0
6955,41,0
6956,45,0
6957,28,0
6958,24,0
6959,21,0
6960,19,0
6961,38,0
6962,19,0
6963,43,0
6964,32,0
6965,53,0
6966,40,0
6967,19,0
6968,22,0
6969,38,0
6970,18,0
6971,40,0
6972,35,0
6973,37,0
6974,42,0
6975,38,0
6976,29,0
6977,26,0
6978,26,0
6979,19,0
6980,18,0
6981,37,0
6982,36,0
6983,14,0
6984,14,0
6985,31,0
6986,26,0
6987,24,0
6988,43,0
6989,53,0
6990,34,0
6991,27,0
6992,26,0
6993,33,0
6994,19,0
6995,48,0
6996,22,0
6997,48,0
6998,19,0
6999,43,0
7000,38,0
7001,18,0
7002,19,0
7003,42,0
7004,18,0
7005,45,0
7006,38,0
7007,35,0
7008,47,0
7009,42,0
7010,51,0
7011,31,0
7012,30,0
7013,24,0
7014,27,0
7015,43,0
7016,44,0
7017,32,0
7018,25,0
7019,50,0
7020,40,0
7021,47,0
7022,52,0
7023,33,0
7024,35,0
7025,33,0
7026,30,0
7027,24,0
7028,19,0
7029,42,0
7030,22,0
7031,58,0
7032,22,0
7033,56,0
7034,51,0
7035,24,0
7036,25,0
7037,48,0
7038,22,0
7039,47,0
7040,64,0
7041,40,0
7042,45,0
7043,51,0
7044,37,0
7045,32,0
7046,33,0
7047,22,0
7048,23,0
7049,43,0
7050,69,0
7051,23,0
7052,21,0
7053,54,0
7054,39,0
7055,43,0
7056,40,0
7057,49,0
7058,34,0
7059,29,0
7060,28,0
7061,24,0
7062,21,0
7063,43,0
7064,24,0
7065,46,0
7066,17,0
7067,43,0
7068,41,0
7069,23,0
7070,22,0
7071,45,0
7072,33,0
7073,52,0
7074,36,0
7075,41,0
7076,41,0
7077,47,0
7078,44,0
7079,28,0
7080,27,0
7081,22,0
7082,22,0
7083,40,0
7084,44,0
7085,23,0
7086,21,0
7087,44,0
7088,36,0
7089,40,0
7090,37,0
7091,34,0
7092,31,0
7093,26,0
7094,38,0
7095,22,0
7096,19,0
7097,37,0
7098,18,0
7099,40,0
7100,18,0
7101,275,0
7102,70,0
7103,46,0
7104,93,0
7105,50,0
7106,20,0
7107,43,0
7108,56,0
7109,41,0
7110,41,0
7111,43,0
7112,34,0
7113,29,0
7114,30,0
7115,25,0
7116,22,0
7117,43,0
7118,49,0
7119,22,0
7120,21,0
7121,45,0
7122,39,0
7123,40,0
7124,55,0
7125,43,0
7126,32,0
7127,25,0
7128,29,0
7129,23,0
7130,23,0
7131,39,0
7132,23,0
7133,46,0
7134,21,0
7135,48,0
7136,48,0
7137,44,0
7138,21,0
7139,49,0
7140,21,0
7141,43,0
7142,42,0
7143,41,0
7144,40,0
7145,42,0
7146,34,0
7147,28,0
7148,33,0
7149,22,0
7150,35,0
7151,39,0
7152,45,0
7153,18,0
7154,22,0
7155,46,0
7156,35,0
7157,52,0
7158,41,0
7159,39,0
7160,31,0
7161,28,0
7162,23,0
7163,23,0
7164,20,0
7165,42,0
7166,18,0
7167,45,0
7168,20,0
7169,43,0
7170,56,0
7171,19,0
7172,35,0
7173,49,0
7174,18,0
7175,46,0
7176,40,0
7177,41,0
7178,40,0
7179,51,0
7180,37,0
7181,27,0
7182,26,0
7183,23,0
7184,20,0
7185,42,0
7186,52,0
7187,24,0
7188,24,0
7189,43,0
7190,42,0
7191,40,0
7192,41,0
7193,52,0
7194,35,0
7195,26,0
7196,29,0
7197,23,0
7198,23,0
7199,40,0
7200,20,0
7201,50,0
7202,18,0
7203,42,0
7204,45,0
7205,22,0
7206,22,0
7207,45,0
7208,19,0
7209,42,0
7210,37,0
7211,39,0
7212,43,0
7213,45,0
7214,35,0
7215,43,0
7216,31,0
7217,19,0
7218,19,0
7219,36,0
7220,48,0
7221,19,0
7222,18,0
7223,52,0
7224,40,0
7225,40,0
7226,39,0
7227,38,0
7228,30,0
7229,28,0
7230,25,0
7231,20,0
7232,19,0
7233,39,0
7234,19,0
7235,55,0
7236,22,0
7237,42,0
7238,49,0
7239,18,0
7240,22,0
7241,52,0
7242,18,0
7243,42,0
7244,37,0
7245,47,0
7246,39,0
7247,40,0
7248,33,0
7249,26,0
7250,30,0
7251,22,0
7252,22,0
7253,38,0
7254,48,0
7255,18,0
7256,31,0
7257,52,0
7258,37,0
7259,39,0
7260,54,0
7261,39,0
7262,31,0
7263,28,0
7264,25,0
7265,27,0
7266,22,0
7267,69,0
7268,26,0
7269,44,0
7270,18,0
7271,42,0
7272,41,0
7273,21,0
7274,19,0
7275,55,0
7276,20,0
7277,42,0
7278,42,0
7279,40,0
7280,39,0
7281,58,0
7282,39,0
7283,26,0
7284,34,0
7285,24,0
7286,23,0
7287,42,0
7288,59,0
7289,20,0
7290,22,0
7291,43,0
7292,39,0
7293,39,0
7294,37,0
7295,39,0
7296,31,0
7297,28,0
7298,30,0
7299,31,0
7300,23,0
7301,44,0
7302,21,0
7303,62,0
7304,21,0
7305,41,0
7306,38,0
7307,18,0
7308,24,0
7309,58,0
7310,27,0
7311,43,0
7312,38,0
7313,42,0
7314,42,0
7315,42,0
7316,39,0
7317,26,0
7318,29,0
7319,20,0
7320,22,0
7321,46,0
7322,51,0
7323,18,0
7324,23,0
7325,48,0
7326,42,0
7327,39,0
7328,39,0
7329,41,0
7330,45,0
7331,29,0
7332,42,0
7333,23,0
7334,23,0
7335,45,0
7336,21,0
7337,42,0
7338,21,0
7339,42,0
7340,41,0
7341,19,0
7342,22,0
7343,288,0
7344,20,0
7345,40,0
7346,40,0
7347,47,0
7348,38,0
7349,35,0
7350,35,0
7351,27,0
7352,25,0
7353,23,0
7354,23,0
7355,38,0
7356,39,0
7357,21,0
7358,20,0
7359,51,0
7360,44,0
7361,41,0
7362,62,0
7363,35,0
7364,43,0
7365,34,0
7366,33,0
7367,25,0
7368,41,0
7369,44,0
7370,23,0
7371,52,0
7372,18,0
7373,49,0
7374,50,0
7375,23,0
7376,22,0
7377,50,0
7378,22,0
7379,51,0
7380,45,0
7381,46,0
7382,53,0
7383,43,0
7384,39,0
7385,30,0
7386,30,0
7387,23,0
7388,31,0
7389,39,0
7390,46,0
7391,22,0
7392,21,0
7393,41,0
7394,36,0
7395,43,0
7396,42,0
7397,36,0
7398,35,0
7399,28,0
7400,27,0
7401,23,0
7402,18,0
7403,53,0
7404,20,0
7405,42,0
7406,20,0
7407,43,0
7408,41,0
7409,21,0
7410,20,0
7411,53,0
7412,18,0
7413,42,0
7414,42,0
7415,47,0
7416,44,0
7417,38,0
7418,35,0
7419,27,0
7420,30,0
7421,18,0
7422,23,0
7423,36,0
7424,48,0
7425,33,0
7426,22,0
7427,42,0
7428,43,0
7429,42,0
7430,42,0
7431,36,0
7432,60,0
7433,29,0
7434,29,0
7435,22,0
7436,22,0
7437,42,0
7438,23,0
7439,45,0
7440,23,0
7441,59,0
7442,43,0
7443,23,0
7444,18,0
7445,53,0
7446,20,0
7447,43,0
7448,37,0
7449,42,0
7450,43,0
7451,45,0
7452,34,0
7453,28,0
7454,35,0
7455,22,0
7456,22,0
7457,42,0
7458,47,0
7459,19,0
7460,21,0
7461,45,0
7462,71,0
7463,46,0
7464,39,0
7465,38,0
7466,50,0
7467,32,0
7468,32,0
7469,25,0
7470,24,0
7471,42,0
7472,21,0
7473,63,0
7474,20,0
7475,53,0
7476,39,0
7477,17,0
7478,21,0
7479,39,0
7480,17,0
7481,40,0
7482,34,0
7483,39,0
7484,39,0
7485,36,0
7486,30,0
7487,24,0
7488,22,0
7489,31,0
7490,23,0
7491,40,0
7492,58,0
7493,21,0
7494,22,0
7495,53,0
7496,40,0
7497,43,0
7498,48,0
7499,45,0
7500,33,0
7501,24,0
7502,33,0
7503,19,0
7504,21,0
7505,50,0
7506,22,0
7507,46,0
7508,21,0
7509,44,0
7510,51,0
7511,18,0
7512,17,0
7513,51,0
7514,34,0
7515,43,0
7516,42,0
7517,50,0
7518,41,0
7519,55,0
7520,39,0
7521,27,0
7522,32,0
7523,22,0
7524,23,0
7525,42,0
7526,47,0
7527,21,0
7528,21,0
7529,44,0
7530,38,0
7531,56,0
7532,42,0
7533,38,0
7534,33,0
7535,26,0
7536,26,0
7537,25,0
7538,29,0
7539,40,0
7540,31,0
7541,46,0
7542,19,0
7543,41,0
7544,39,0
7545,18,0
7546,21,0
7547,43,0
7548,17,0
7549,41,0
7550,39,0
7551,38,0
7552,42,0
7553,39,0
7554,30,0
7555,28,0
7556,23,0
7557,39,0
7558,29,0
7559,39,0
7560,55,0
7561,21,0
7562,22,0
7563,44,0
7564,41,0
7565,39,0
7566,40,0
7567,42,0
7568,35,0
7569,28,0
7570,26,0
7571,24,0
7572,21,0
7573,42,0
7574,21,0
7575,55,0
7576,19,0
7577,43,0
7578,45,0
7579,18,0
7580,22,0
7581,291,0
7582,22,0
7583,43,0
7584,38,0
7585,41,0
7586,42,0
7587,38,0
7588,32,0
7589,30,0
7590,30,0
7591,27,0
7592,27,0
7593,40,0
7594,43,0
7595,20,0
7596,23,0
7597,47,0
7598,50,0
7599,43,0
7600,43,0
7601,41,0
7602,32,0
7603,29,0
7604,28,0
7605,20,0
7606,20,0
7607,38,0
7608,19,0
7609,39,0
7610,22,0
7611,52,0
7612,38,0
7613,20,0
7614,19,0
7615,52,0
7616,24,0
7617,52,0
7618,46,0
7619,50,0
7620,46,0
7621,45,0
7622,29,0
7623,32,0
7624,29,0
7625,19,0
7626,20,0
7627,44,0
7628,42,0
7629,19,0
7630,22,0
7631,43,0
7632,37,0
7633,40,0
7634,60,0
7635,39,0
7636,34,0
7637,29,0
7638,28,0
7639,25,0
7640,19,0
7641,48,0
7642,24,0
7643,44,0
7644,20,0
7645,44,0
7646,41,0
7647,19,0
7648,23,0
7649,43,0
7650,19,0
7651,43,0
7652,45,0
7653,43,0
7654,41,0
7655,50,0
7656,40,0
7657,28,0
7658,32,0
7659,22,0
7660,25,0
7661,41,0
7662,58,0
7663,22,0
7664,22,0
7665,43,0
7666,38,0
7667,43,0
7668,45,0
7669,42,0
7670,35,0
7671,26,0
7672,30,0
7673,25,0
7674,22,0
7675,42,0
7676,23,0
7677,54,0
7678,23,0
7679,40,0
7680,42,0
7681,20,0
7682,22,0
7683,47,0
7684,30,0
7685,42,0
7686,39,0
7687,37,0
7688,38,0
7689,48,0
7690,31,0
7691,29,0
7692,29,0
7693,23,0
7694,19,0
7695,42,0
7696,46,0
7697,22,0
7698,18,0
7699,60,0
7700,46,0
7701,43,0
7702,39,0
7703,38,0
7704,35,0
7705,38,0
7706,30,0
7707,25,0
7708,24,0
7709,41,0
7710,22,0
7711,49,0
7712,22,0
7713,48,0
7714,41,0
7715,19,0
7716,25,0
7717,47,0
7718,20,0
7719,46,0
7720,48,0
7721,45,0
7722,47,0
7723,40,0
7724,33,0
7725,29,0
7726,26,0
7727,23,0
7728,29,0
7729,40,0
7730,49,0
7731,19,0
7732,20,0
7733,45,0
7734,43,0
7735,37,0
7736,37,0
7737,35,0
7738,30,0
7739,29,0
7740,27,0
7741,20,0
7742,31,0
7743,54,0
7744,22,0
7745,48,0
7746,22,0
7747,45,0
7748,45,0
7749,23,0
7750,21,0
7751,52,0
7752,18,0
7753,44,0
7754,42,0
7755,41,0
7756,44,0
7757,44,0
7758,37,0
7759,29,0
7760,29,0
7761,22,0
7762,21,0
7763,71,0
7764,45,0
7765,22,0
7766,33,0
7767,38,0
7768,42,0
7769,66,0
7770,39,0
7771,40,0
7772,34,0
7773,29,0
7774,26,0
7775,25,0
7776,24,0
7777,40,0
7778,18,0
7779,47,0
7780,20,0
7781,42,0
7782,39,0
7783,22,0
7784,34,0
7785,43,0
7786,18,0
7787,42,0
7788,41,0
7789,39,0
7790,41,0
7791,41,0
7792,32,0
7793,43,0
7794,29,0
7795,19,0
7796,23,0
7797,40,0
7798,50,0
7799,20,0
7800,21,0
7801,44,0
7802,40,0
7803,37,0
7804,38,0
7805,49,0
7806,32,0
7807,28,0
7808,26,0
7809,24,0
7810,21,0
7811,40,0
7812,20,0
7813,53,0
7814,17,0
7815,41,0
7816,42,0
7817,18,0
7818,24,0
7819,249,0
7820,22,0
7821,43,0
7822,41,0
7823,58,0
7824,39,0
7825,39,0
7826,35,0
7827,28,0
7828,29,0
7829,19,0
7830,22,0
7831,37,0
7832,45,0
7833,22,0
7834,23,0
7835,39,0
7836,37,0
7837,36,0
7838,39,0
7839,37,0
7840,31,0
7841,26,0
7842,30,0
7843,26,0
7844,23,0
7845,41,0
7846,23,0
7847,46,0
7848,36,0
7849,48,0
7850,43,0
7851,20,0
7852,19,0
7853,54,0
7854,18,0
7855,43,0
7856,39,0
7857,42,0
7858,44,0
7859,45,0
7860,35,0
7861,26,0
7862,32,0
7863,20,0
7864,19,0
7865,37,0
7866,47,0
7867,34,0
7868,28,0
7869,54,0
7870,44,0
7871,36,0
7872,37,0
7873,45,0
7874,42,0
7875,30,0
7876,25,0
7877,24,0
7878,22,0
7879,45,0
7880,19,0
7881,49,0
7882,21,0
7883,49,0
7884,43,0
7885,19,0
7886,24,0
7887,42,0
7888,18,0
7889,42,0
7890,44,0
7891,42,0
7892,42,0
7893,38,0
7894,40,0
7895,28,0
7896,28,0
7897,22,0
7898,24,0
7899,41,0
7900,48,0
7901,18,0
7902,21,0
7903,44,0
7904,36,0
7905,38,0
7906,42,0
7907,39,0
7908,30,0
7909,29,0
7910,27,0
7911,24,0
7912,18,0
7913,41,0
7914,19,0
7915,43,0
7916,20,0
7917,50,0
7918,40,0
7919,23,0
7920,21,0
7921,47,0
7922,22,0
7923,41,0
7924,36,0
7925,41,0
7926,49,0
7927,46,0
7928,35,0
7929,29,0
7930,31,0
7931,34,0
7932,20,0
7933,41,0
7934,46,0
7935,18,0
7936,21,0
7937,43,0
7938,43,0
7939,39,0
7940,41,0
7941,40,0
7942,34,0
7943,27,0
7944,28,0
7945,25,0
7946,24,0
7947,40,0
7948,18,0
7949,49,0
7950,18,0
7951,42,0
7952,39,0
7953,19,0
7954,27,0
7955,46,0
7956,20,0
7957,42,0
7958,37,0
7959,43,0
7960,50,0
7961,39,0
7962,36,0
7963,27,0
7964,30,0
7965,22,0
7966,22,0
7967,39,0
7968,49,0
7969,22,0
7970,23,0
7971,44,0
7972,38,0
7973,41,0
7974,40,0
7975,56,0
7976,35,0
7977,28,0
7978,28,0
7979,19,0
7980,22,0
7981,36,0
7982,18,0
7983,41,0
7984,18,0
7985,44,0
7986,43,0
7987,18,0
7988,21,0
7989,47,0
7990,18,0
7991,43,0
7992,38,0
7993,37,0
7994,42,0
7995,39,0
7996,36,0
7997,39,0
7998,31,0
7999,19,0
8000,19,0
8001,35,0
8002,52,0
8003,31,0
8004,17,0
8005,55,0
8006,33,0
8007,39,0
8008,37,0
8009,36,0
8010,34,0
8011,30,0
8012,25,0
8013,21,0
8014,21,0
8015,40,0
8016,18,0
8017,48,0
8018,19,0
8019,48,0
8020,54,0
8021,21,0
8022,21,0
8023,41,0
8024,21,0
8025,44,0
8026,58,0
8027,46,0
8028,48,0
8029,39,0
8030,32,0
8031,27,0
8032,30,0
8033,22,0
8034,25,0
8035,40,0
8036,50,0
8037,20,0
8038,21,0
8039,47,0
8040,38,0
8041,53,0
8042,43,0
8043,38,0
8044,36,0
8045,29,0
8046,30,0
8047,21,0
8048,24,0
8049,43,0
8050,25,0
8051,42,0
8052,21,0
8053,41,0
8054,39,0
8055,18,0
8056,18,0
8057,256,0
8058,20,0
8059,57,0
8060,43,0
8061,40,0
8062,41,0
8063,49,0
8064,31,0
8065,35,0
8066,27,0
8067,23,0
8068,19,0
8069,45,0
8070,45,0
8071,22,0
8072,19,0
8073,47,0
8074,36,0
8075,39,0
8076,38,0
8077,40,0
8078,31,0
8079,28,0
8080,39,0
8081,23,0
8082,23,0
8083,40,0
8084,22,0
8085,44,0
8086,22,0
8087,46,0
8088,47,0
8089,19,0
8090,22,0
8091,48,0
8092,21,0
8093,44,0
8094,37,0
8095,39,0
8096,38,0
8097,44,0
8098,35,0
8099,28,0
8100,28,0
8101,22,0
8102,20,0
8103,53,0
8104,44,0
8105,19,0
8106,21,0
8107,43,0
8108,38,0
8109,41,0
8110,68,0
8111,41,0
8112,32,0
8113,29,0
8114,31,0
8115,22,0
8116,22,0
8117,42,0
8118,23,0
8119,48,0
8120,24,0
8121,45,0
8122,45,0
8123,18,0
8124,34,0
8125,40,0
8126,18,0
8127,48,0
8128,51,0
8129,41,0
8130,36,0
8131,35,0
8132,39,0
8133,42,0
8134,30,0
8135,19,0
8136,26,0
8137,41,0
8138,50,0
8139,18,0
8140,21,0
8141,45,0
8142,37,0
8143,43,0
8144,42,0
8145,53,0
8146,31,0
8147,28,0
8148,25,0
8149,24,0
8150,19,0
8151,40,0
8152,20,0
8153,49,0
8154,19,0
8155,42,0
8156,39,0
8157,23,0
8158,18,0
8159,49,0
8160,20,0
8161,41,0
8162,38,0
8163,38,0
8164,39,0
8165,42,0
8166,31,0
8167,26,0
8168,34,0
8169,19,0
8170,22,0
8171,41,0
8172,45,0
8173,21,0
8174,17,0
8175,50,0
8176,41,0
8177,39,0
8178,41,0
8179,39,0
8180,34,0
8181,30,0
8182,28,0
8183,20,0
8184,24,0
8185,40,0
8186,18,0
8187,49,0
8188,21,0
8189,42,0
8190,50,0
8191,19,0
8192,24,0
8193,47,0
8194,18,0
8195,44,0
8196,35,0
8197,48,0
8198,42,0
8199,38,0
8200,36,0
8201,27,0
8202,29,0
8203,19,0
8204,22,0
8205,39,0
8206,51,0
8207,18,0
8208,23,0
8209,42,0
8210,36,0
8211,40,0
8212,55,0
8213,44,0
8214,35,0
8215,29,0
8216,28,0
8217,23,0
8218,19,0
8219,50,0
8220,24,0
8221,43,0
8222,18,0
8223,42,0
8224,41,0
8225,18,0
8226,21,0
8227,45,0
8228,17,0
8229,42,0
8230,41,0
8231,39,0
8232,39,0
8233,43,0
8234,40,0
8235,28,0
8236,46,0
8237,22,0
8238,21,0
8239,41,0
8240,44,0
8241,23,0
8242,21,0
8243,42,0
8244,40,0
8245,43,0
8246,42,0
8247,40,0
8248,33,0
8249,29,0
8250,29,0
8251,21,0
8252,20,0
8253,37,0
8254,23,0
8255,62,0
8256,23,0
8257,44,0
8258,37,0
8259,18,0
8260,18,0
8261,54,0
8262,18,0
8263,55,0
8264,36,0
8265,42,0
8266,40,0
8267,36,0
8268,32,0
8269,25,0
8270,27,0
8271,19,0
8272,26,0
8273,37,0
8274,50,0
8275,20,0
8276,21,0
8277,44,0
8278,43,0
8279,40,0
8280,38,0
8281,38,0
8282,30,0
8283,28,0
8284,26,0
8285,42,0
8286,21,0
8287,40,0
8288,22,0
8289,44,0
8290,18,0
8291,44,0
8292,39,0
8293,18,0
8294,22,0
8295,260,0
8296,22,0
8297,42,0
8298,39,0
8299,40,0
8300,39,0
8301,49,0
8302,34,0
8303,30,0
8304,27,0
8305,34,0
8306,19,0
8307,41,0
8308,44,0
8309,22,0
8310,21,0
8311,42,0
8312,36,0
8313,38,0
8314,38,0
8315,39,0
8316,47,0
8317,29,0
8318,28,0
8319,22,0
8320,22,0
8321,42,0
8322,22,0
8323,44,0
8324,22,0
8325,43,0
8326,40,0
8327,18,0
8328,21,0
8329,48,0
8330,38,0
8331,43,0
8332,40,0
8333,43,0
8334,44,0
8335,44,0
8336,31,0
8337,29,0
8338,30,0
8339,24,0
8340,20,0
8341,41,0
8342,47,0
8343,22,0
8344,18,0
8345,54,0
8346,44,0
8347,39,0
8348,43,0
8349,49,0
8350,37,0
8351,29,0
8352,31,0
8353,24,0
8354,22,0
8355,42,0
8356,23,0
8357,43,0
8358,24,0
8359,57,0
8360,42,0
8361,29,0
8362,23,0
8363,41,0
8364,18,0
8365,47,0
8366,69,0
8367,43,0
8368,39,0
8369,39,0
8370,39,0
8371,34,0
8372,29,0
8373,23,0
8374,23,0
8375,44,0
8376,49,0
8377,22,0
8378,22,0
8379,42,0
8380,50,0
8381,37,0
8382,37,0
8383,36,0
8384,30,0
8385,30,0
8386,29,0
8387,35,0
8388,19,0
8389,36,0
8390,20,0
8391,54,0
8392,19,0
8393,46,0
8394,35,0
8395,19,0
8396,23,0
8397,50,0
8398,21,0
8399,45,0
8400,39,0
8401,40,0
8402,52,0
8403,41,0
8404,35,0
8405,25,0
8406,33,0
8407,19,0
8408,21,0
8409,54,0
8410,44,0
8411,21,0
8412,18,0
8413,41,0
8414,40,0
8415,41,0
8416,38,0
8417,37,0
8418,33,0
8419,29,0
8420,26,0
8421,26,0
8422,21,0
8423,39,0
8424,17,0
8425,59,0
8426,18,0
8427,41,0
8428,39,0
8429,18,0
8430,24,0
8431,45,0
8432,27,0
8433,41,0
8434,44,0
8435,42,0
8436,41,0
8437,37,0
8438,35,0
8439,28,0
8440,28,0
8441,18,0
8442,22,0
8443,38,0
8444,46,0
8445,17,0
8446,25,0
8447,56,0
8448,44,0
8449,41,0
8450,42,0
8451,42,0
8452,34,0
8453,27,0
8454,49,0
8455,23,0
8456,19,0
8457,40,0
8458,18,0
8459,44,0
8460,18,0
8461,45,0
8462,44,0
8463,18,0
8464,22,0
8465,48,0
8466,20,0
8467,43,0
8468,42,0
8469,42,0
8470,42,0
8471,42,0
8472,40,0
8473,30,0
8474,29,0
8475,28,0
8476,23,0
8477,42,0
8478,49,0
8479,24,0
8480,21,0
8481,43,0
8482,39,0
8483,40,0
8484,39,0
8485,37,0
8486,33,0
8487,28,0
8488,29,0
8489,22,0
8490,36,0
8491,42,0
8492,22,0
8493,51,0
8494,19,0
8495,45,0
8496,39,0
8497,32,0
8498,19,0
8499,58,0
8500,17,0
8501,40,0
8502,37,0
8503,35,0
8504,41,0
8505,39,0
8506,31,0
8507,26,0
8508,26,0
8509,18,0
8510,20,0
8511,34,0
8512,61,0
8513,20,0
8514,17,0
8515,43,0
8516,41,0
8517,37,0
8518,39,0
8519,43,0
8520,31,0
8521,24,0
8522,24,0
8523,20,0
8524,28,0
8525,35,0
8526,20,0
8527,41,0
8528,17,0
8529,41,0
8530,38,0
8531,18,0
8532,17,0
8533,383,0
8534,20,0
8535,58,0
8536,40,0
8537,43,0
8538,40,0
8539,41,0
8540,32,0
8541,29,0
8542,30,0
8543,23,0
8544,24,0
8545,39,0
8546,49,0
8547,23,0
8548,20,0
8549,59,0
8550,41,0
8551,44,0
8552,42,0
8553,38,0
8554,36,0
8555,29,0
8556,29,0
8557,23,0
8558,24,0
8559,52,0
8560,22,0
8561,45,0
8562,21,0
8563,45,0
8564,40,0
8565,18,0
8566,21,0
8567,47,0
8568,21,0
8569,43,0
8570,37,0
8571,47,0
8572,48,0
8573,45,0
8574,34,0
8575,28,0
8576,28,0
8577,22,0
8578,22,0
8579,40,0
8580,47,0
8581,21,0
8582,21,0
8583,44,0
8584,38,0
8585,41,0
8586,41,0
8587,39,0
8588,35,0
8589,28,0
8590,30,0
8591,23,0
8592,31,0
8593,43,0
8594,19,0
8595,44,0
8596,22,0
8597,50,0
8598,39,0
8599,19,0
8600,40,0
8601,46,0
8602,19,0
8603,43,0
8604,41,0
8605,41,0
8606,39,0
8607,39,0
8608,39,0
8609,31,0
8610,31,0
8611,22,0
8612,25,0
8613,43,0
8614,53,0
8615,22,0
8616,18,0
8617,42,0
8618,36,0
8619,36,0
8620,53,0
8621,42,0
8622,38,0
8623,30,0
8624,27,0
8625,25,0
8626,22,0
8627,42,0
8628,23,0
8629,44,0
8630,23,0
8631,43,0
8632,39,0
8633,19,0
8634,22,0
8635,62,0
8636,25,0
8637,42,0
8638,37,0
8639,37,0
8640,35,0
8641,40,0
8642,38,0
8643,27,0
8644,39,0
8645,19,0
8646,20,0
8647,40,0
8648,60,0
8649,18,0
8650,18,0
8651,44,0
8652,38,0
8653,36,0
8654,48,0
8655,37,0
8656,31,0
8657,28,0
8658,25,0
8659,21,0
8660,20,0
8661,36,0
8662,18,0
8663,45,0
8664,18,0
8665,52,0
8666,43,0
8667,18,0
8668,22,0
8669,45,0
8670,23,0
8671,42,0
8672,40,0
8673,45,0
8674,55,0
8675,39,0
8676,31,0
8677,28,0
8678,27,0
8679,33,0
8680,22,0
8681,41,0
8682,48,0
8683,21,0
8684,22,0
8685,42,0
8686,37,0
8687,39,0
8688,43,0
8689,42,0
8690,33,0
8691,27,0
8692,30,0
8693,20,0
8694,21,0
8695,41,0
8696,18,0
8697,41,0
8698,18,0
8699,42,0
8700,41,0
8701,23,0
8702,20,0
8703,47,0
8704,18,0
8705,44,0
8706,44,0
8707,41,0
8708,49,0
8709,44,0
8710,33,0
8711,29,0
8712,29,0
8713,22,0
8714,21,0
8715,40,0
8716,47,0
8717,24,0
8718,18,0
8719,45,0
8720,47,0
8721,44,0
8722,53,0
8723,42,0
8724,37,0
8725,29,0
8726,27,0
8727,25,0
8728,21,0
8729,43,0
8730,19,0
8731,48,0
8732,20,0
8733,52,0
8734,40,0
8735,18,0
8736,21,0
8737,42,0
8738,17,0
8739,43,0
8740,39,0
8741,38,0
8742,41,0
8743,39,0
8744,44,0
8745,28,0
8746,28,0
8747,20,0
8748,27,0
8749,39,0
8750,47,0
8751,22,0
8752,28,0
8753,41,0
8754,40,0
8755,41,0
8756,42,0
8757,36,0
8758,31,0
8759,25,0
8760,29,0
8761,25,0
8762,22,0
8763,41,0
8764,24,0
8765,41,0
8766,21,0
8767,54,0
8768,35,0
8769,17,0
8770,18,0
8771,390,0
8772,21,0
8773,50,0
8774,44,0
8775,37,0
8776,34,0
8777,36,0
8778,28,0
8779,30,0
8780,32,0
8781,19,0
8782,39,0
8783,39,0
8784,48,0
8785,22,0
8786,19,0
8787,45,0
8788,42,0
8789,66,0
8790,43,0
8791,35,0
8792,36,0
8793,29,0
8794,32,0
8795,23,0
8796,24,0
8797,37,0
8798,22,0
8799,44,0
8800,19,0
8801,44,0
8802,41,0
8803,30,0
8804,23,0
8805,48,0
8806,22,0
8807,47,0
8808,39,0
8809,43,0
8810,49,0
8811,44,0
8812,35,0
8813,29,0
8814,28,0
8815,23,0
8816,19,0
8817,43,0
8818,46,0
8819,19,0
8820,22,0
8821,43,0
8822,37,0
8823,42,0
8824,64,0
8825,39,0
8826,36,0
8827,28,0
8828,29,0
8829,23,0
8830,18,0
8831,39,0
8832,32,0
8833,44,0
8834,22,0
8835,45,0
8836,39,0
8837,18,0
8838,22,0
8839,52,0
8840,21,0
8841,42,0
8842,40,0
8843,40,0
8844,35,0
8845,38,0
8846,47,0
8847,30,0
8848,30,0
8849,22,0
8850,21,0
8851,37,0
8852,47,0
8853,18,0
8854,28,0
8855,45,0
8856,36,0
8857,41,0
8858,43,0
8859,39,0
8860,33,0
8861,28,0
8862,26,0
8863,24,0
8864,18,0
8865,40,0
8866,20,0
8867,43,0
8868,20,0
8869,56,0
8870,43,0
8871,20,0
8872,21,0
8873,45,0
8874,20,0
8875,41,0
8876,38,0
8877,57,0
8878,39,0
8879,44,0
8880,32,0
8881,29,0
8882,31,0
8883,22,0
8884,19,0
8885,42,0
8886,45,0
8887,19,0
8888,18,0
8889,43,0
8890,42,0
8891,53,0
8892,42,0
8893,41,0
8894,36,0
8895,30,0
8896,30,0
8897,21,0
8898,21,0
8899,38,0
8900,19,0
8901,47,0
8902,18,0
8903,55,0
8904,38,0
8905,19,0
8906,22,0
8907,40,0
8908,25,0
8909,48,0
8910,37,0
8911,46,0
8912,54,0
8913,40,0
8914,35,0
8915,25,0
8916,25,0
8917,20,0
8918,24,0
8919,38,0
8920,68,0
8921,22,0
8922,23,0
8923,43,0
8924,38,0
8925,41,0
8926,42,0
8927,42,0
8928,35,0
8929,29,0
8930,27,0
8931,24,0
8932,21,0
8933,40,0
8934,32,0
8935,48,0
8936,18,0
8937,48,0
8938,44,0
8939,22,0
8940,18,0
8941,58,0
8942,18,0
8943,46,0
8944,42,0
8945,45,0
8946,40,0
8947,44,0
8948,39,0
8949,33,0
8950,27,0
8951,23,0
8952,21,0
8953,41,0
8954,46,0
8955,34,0
8956,22,0
8957,44,0
8958,41,0
8959,42,0
8960,42,0
8961,41,0
8962,34,0
8963,29,0
8964,27,0
8965,30,0
8966,20,0
8967,41,0
8968,18,0
8969,48,0
8970,20,0
8971,44,0
8972,41,0
8973,22,0
8974,22,0
8975,46,0
8976,18,0
8977,58,0
8978,41,0
8979,43,0
8980,46,0
8981,41,0
8982,35,0
8983,36,0
8984,24,0
8985,22,0
8986,21,0
8987,51,0
8988,46,0
8989,19,0
8990,21,0
8991,42,0
8992,41,0
8993,38,0
8994,42,0
8995,39,0
8996,31,0
8997,26,0
8998,25,0
8999,28,0
9000,20,0
9001,38,0
9002,21,0
9003,43,0
9004,17,0
9005,41,0
9006,48,0
9007,18,0
9008,21,0
9009,368,0
9010,21,0
9011,45,0
9012,42,0
9013,39,0
9014,47,0
9015,37,0
9016,34,0
9017,29,0
9018,27,0
9019,22,0
9020,20,0
9021,50,0
9022,46,0
9023,22,0
9024,26,0
9025,43,0
9026,37,0
9027,36,0
9028,37,0
9029,34,0
9030,29,0
9031,29,0
9032,28,0
9033,19,0
9034,19,0
9035,35,0
9036,18,0
9037,53,0
9038,18,0
9039,49,0
9040,44,0
9041,19,0
9042,21,0
9043,45,0
9044,39,0
9045,46,0
9046,40,0
9047,44,0
9048,41,0
9049,48,0
9050,36,0
9051,29,0
9052,28,0
9053,23,0
9054,19,0
9055,43,0
9056,47,0
9057,19,0
9058,19,0
9059,44,0
9060,39,0
9061,37,0
9062,42,0
9063,37,0
9064,45,0
9065,27,0
9066,30,0
9067,36,0
9068,21,0
9069,39,0
9070,23,0
9071,43,0
9072,22,0
9073,43,0
9074,38,0
9075,18,0
9076,22,0
9077,41,0
9078,19,0
9079,41,0
9080,48,0
9081,41,0
9082,37,0
9083,39,0
9084,39,0
9085,30,0
9086,35,0
9087,22,0
9088,22,0
9089,41,0
9090,47,0
9091,19,0
9092,19,0
9093,44,0
9094,37,0
9095,38,0
9096,47,0
9097,40,0
9098,34,0
9099,28,0
9100,29,0
9101,36,0
9102,22,0
9103,39,0
9104,19,0
9105,48,0
9106,22,0
9107,43,0
9108,68,0
9109,21,0
9110,23,0
9111,49,0
9112,24,0
9113,41,0
9114,38,0
9115,40,0
9116,41,0
9117,44,0
9118,31,0
9119,29,0
9120,30,0
9121,22,0
9122,19,0
9123,53,0
9124,45,0
9125,22,0
9126,22,0
9127,44,0
9128,47,0
9129,50,0
9130,47,0
9131,40,0
9132,37,0
9133,29,0
9134,30,0
9135,25,0
9136,24,0
9137,43,0
9138,26,0
9139,47,0
9140,21,0
9141,45,0
9142,40,0
9143,19,0
9144,38,0
9145,53,0
9146,18,0
9147,45,0
9148,36,0
9149,40,0
9150,42,0
9151,41,0
9152,44,0
9153,25,0
9154,26,0
9155,18,0
9156,18,0
9157,36,0
9158,43,0
9159,18,0
9160,19,0
9161,54,0
9162,34,0
9163,35,0
9164,36,0
9165,62,0
9166,32,0
9167,27,0
9168,31,0
9169,19,0
9170,22,0
9171,41,0
9172,17,0
9173,40,0
9174,21,0
9175,50,0
9176,39,0
9177,21,0
9178,18,0
9179,46,0
9180,17,0
9181,42,0
9182,40,0
9183,42,0
9184,41,0
9185,40,0
9186,35,0
9187,33,0
9188,42,0
9189,22,0
9190,23,0
9191,38,0
9192,43,0
9193,20,0
9194,21,0
9195,41,0
9196,46,0
9197,39,0
9198,35,0
9199,36,0
9200,34,0
9201,28,0
9202,28,0
9203,21,0
9204,23,0
9205,36,0
9206,18,0
9207,49,0
9208,19,0
9209,41,0
9210,40,0
9211,31,0
9212,19,0
9213,45,0
9214,18,0
9215,42,0
9216,41,0
9217,40,0
9218,66,0
9219,46,0
9220,35,0
9221,26,0
9222,29,0
9223,23,0
9224,24,0
9225,45,0
9226,53,0
9227,23,0
9228,21,0
9229,46,0
9230,41,0
9231,42,0
9232,57,0
9233,42,0
9234,35,0
9235,29,0
9236,27,0
9237,25,0
9238,23,0
9239,52,0
9240,21,0
9241,43,0
9242,18,0
9243,44,0
9244,37,0
9245,18,0
9246,21,0
9247,431,0
9248,22,0
9249,46,0
9250,37,0
9251,41,0
9252,49,0
9253,37,0
9254,35,0
9255,26,0
9256,29,0
9257,22,0
9258,23,0
9259,42,0
9260,40,0
9261,22,0
9262,22,0
9263,46,0
9264,37,0
9265,40,0
9266,42,0
9267,53,0
9268,35,0
9269,33,0
9270,28,0
9271,22,0
9272,23,0
9273,36,0
9274,18,0
9275,51,0
9276,19,0
9277,42,0
9278,41,0
9279,19,0
9280,19,0
9281,47,0
9282,18,0
9283,43,0
9284,38,0
9285,39,0
9286,37,0
9287,38,0
9288,33,0
9289,29,0
9290,30,0
9291,20,0
9292,18,0
9293,35,0
9294,51,0
9295,18,0
9296,21,0
9297,69,0
9298,42,0
9299,39,0
9300,43,0
9301,42,0
9302,34,0
9303,26,0
9304,26,0
9305,20,0
9306,18,0
9307,42,0
9308,20,0
9309,43,0
9310,19,0
9311,42,0
9312,52,0
9313,30,0
9314,24,0
9315,47,0
9316,18,0
9317,45,0
9318,55,0
9319,42,0
9320,43,0
9321,49,0
9322,38,0
9323,26,0
9324,30,0
9325,22,0
9326,24,0
9327,39,0
9328,53,0
9329,21,0
9330,21,0
9331,40,0
9332,37,0
9333,52,0
9334,41,0
9335,36,0
9336,31,0
9337,28,0
9338,29,0
9339,25,0
9340,30,0
9341,41,0
9342,23,0
9343,47,0
9344,23,0
9345,46,0
9346,40,0
9347,20,0
9348,21,0
9349,51,0
9350,21,0
9351,49,0
9352,39,0
9353,42,0
9354,51,0
9355,44,0
9356,32,0
9357,29,0
9358,32,0
9359,22,0
9360,19,0
9361,49,0
9362,46,0
9363,21,0
9364,20,0
9365,39,0
9366,39,0
9367,38,0
9368,40,0
9369,35,0
9370,33,0
9371,26,0
9372,26,0
9373,24,0
9374,23,0
9375,39,0
9376,21,0
9377,50,0
9378,18,0
9379,40,0
9380,40,0
9381,19,0
9382,21,0
9383,47,0
9384,27,0
9385,51,0
9386,42,0
9387,46,0
9388,42,0
9389,40,0
9390,33,0
9391,29,0
9392,27,0
9393,22,0
9394,18,0
9395,41,0
9396,51,0
9397,22,0
9398,24,0
9399,43,0
9400,37,0
9401,45,0
9402,45,0
9403,43,0
9404,43,0
9405,26,0
9406,31,0
9407,21,0
9408,22,0
9409,43,0
9410,22,0
9411,41,0
9412,21,0
9413,44,0
9414,38,0
9415,29,0
9416,17,0
9417,43,0
9418,17,0
9419,52,0
9420,37,0
9421,36,0
9422,36,0
9423,51,0
9424,40,0
9425,27,0
9426,60,0
9427,20,0
9428,19,0
9429,40,0
9430,51,0
9431,25,0
9432,18,0
9433,43,0
9434,40,0
9435,41,0
9436,40,0
9437,34,0
9438,32,0
9439,29,0
9440,27,0
9441,26,0
9442,20,0
9443,42,0
9444,19,0
9445,47,0
9446,19,0
9447,42,0
9448,49,0
9449,19,0
9450,21,0
9451,42,0
9452,19,0
9453,43,0
9454,53,0
9455,38,0
9456,41,0
9457,40,0
9458,31,0
9459,27,0
9460,28,0
9461,22,0
9462,23,0
9463,51,0
9464,48,0
9465,23,0
9466,21,0
9467,42,0
9468,50,0
9469,43,0
9470,40,0
9471,39,0
9472,32,0
9473,29,0
9474,27,0
9475,25,0
9476,23,0
9477,42,0
9478,21,0
9479,43,0
9480,18,0
9481,43,0
9482,40,0
9483,20,0
9484,22,0
9485,251,0
9486,21,0
9487,52,0
9488,38,0
9489,39,0
9490,43,0
9491,46,0
9492,36,0
9493,29,0
9494,27,0
9495,23,0
9496,21,0
9497,42,0
9498,46,0
9499,22,0
9500,23,0
9501,55,0
9502,45,0
9503,44,0
9504,43,0
9505,41,0
9506,31,0
9507,29,0
9508,29,0
9509,23,0
9510,22,0
9511,44,0
9512,19,0
9513,42,0
9514,18,0
9515,41,0
9516,41,0
9517,19,0
9518,19,0
9519,47,0
9520,22,0
9521,43,0
9522,36,0
9523,56,0
9524,43,0
9525,43,0
9526,34,0
9527,28,0
9528,30,0
9529,19,0
9530,22,0
9531,42,0
9532,46,0
9533,18,0
9534,21,0
9535,43,0
9536,37,0
9537,37,0
9538,35,0
9539,35,0
9540,31,0
9541,27,0
9542,29,0
9543,20,0
9544,18,0
9545,49,0
9546,20,0
9547,47,0
9548,19,0
9549,45,0
9550,48,0
9551,18,0
9552,22,0
9553,58,0
9554,18,0
9555,54,0
9556,44,0
9557,39,0
9558,40,0
9559,40,0
9560,34,0
9561,33,0
9562,27,0
9563,24,0
9564,21,0
9565,50,0
9566,64,0
9567,23,0
9568,18,0
9569,47,0
9570,44,0
9571,42,0
9572,40,0
9573,41,0
9574,35,0
9575,26,0
9576,29,0
9577,31,0
9578,22,0
9579,39,0
9580,23,0
9581,43,0
9582,22,0
9583,40,0
9584,40,0
9585,20,0
9586,21,0
9587,48,0
9588,33,0
9589,44,0
9590,41,0
9591,38,0
9592,40,0
9593,43,0
9594,40,0
9595,28,0
9596,30,0
9597,22,0
9598,18,0
9599,38,0
9600,46,0
9601,21,0
9602,23,0
9603,43,0
9604,41,0
9605,38,0
9606,40,0
9607,36,0
9608,34,0
9609,27,0
9610,28,0
9611,24,0
9612,20,0
9613,40,0
9614,18,0
9615,47,0
9616,18,0
9617,50,0
9618,41,0
9619,18,0
9620,24,0
9621,41,0
9622,18,0
9623,41,0
9624,36,0
9625,41,0
9626,40,0
9627,39,0
9628,32,0
9629,25,0
9630,29,0
9631,21,0
9632,21,0
9633,50,0
9634,47,0
9635,18,0
9636,22,0
9637,38,0
9638,37,0
9639,38,0
9640,69,0
9641,44,0
9642,35,0
9643,27,0
9644,31,0
9645,21,0
9646,22,0
9647,43,0
9648,22,0
9649,45,0
9650,21,0
9651,43,0
9652,41,0
9653,19,0
9654,22,0
9655,65,0
9656,19,0
9657,46,0
9658,42,0
9659,41,0
9660,43,0
9661,54,0
9662,39,0
9663,29,0
9664,29,0
9665,22,0
9666,20,0
9667,41,0
9668,46,0
9669,24,0
9670,21,0
9671,43,0
9672,35,0
9673,37,0
9674,41,0
9675,47,0
9676,34,0
9677,28,0
9678,23,0
9679,22,0
9680,19,0
9681,34,0
9682,21,0
9683,57,0
9684,19,0
9685,39,0
9686,39,0
9687,18,0
9688,27,0
9689,37,0
9690,18,0
9691,41,0
9692,40,0
9693,42,0
9694,41,0
9695,36,0
9696,33,0
9697,30,0
9698,26,0
9699,23,0
9700,20,0
9701,41,0
9702,49,0
9703,23,0
9704,27,0
9705,49,0
9706,42,0
9707,42,0
9708,41,0
9709,40,0
9710,34,0
9711,28,0
9712,25,0
9713,24,0
9714,23,0
9715,42,0
9716,21,0
9717,41,0
9718,18,0
9719,50,0
9720,53,0
9721,22,0
9722,21,0
9723,218,0
9724,33,0
9725,62,0
9726,51,0
9727,53,0
9728,59,0
9729,56,0
9730,46,0
9731,41,0
9732,41,0
9733,43,0
9734,30,0
9735,49,0
9736,62,0
9737,31,0
9738,30,0
9739,63,0
9740,56,0
9741,37,0
9742,37,0
9743,37,0
9744,33,0
9745,29,0
9746,26,0
9747,19,0
9748,22,0
9749,40,0
9750,19,0
9751,43,0
9752,31,0
9753,46,0
9754,41,0
9755,18,0
9756,21,0
9757,41,0
9758,20,0
9759,42,0
9760,37,0
9761,41,0
9762,41,0
9763,36,0
9764,31,0
9765,26,0
9766,29,0
9767,22,0
9768,22,0
9769,41,0
9770,47,0
9771,21,0
9772,21,0
9773,44,0
9774,36,0
9775,41,0
9776,41,0
9777,40,0
9778,34,0
9779,29,0
9780,28,0
9781,22,0
9782,19,0
9783,39,0
9784,18,0
9785,42,0
9786,19,0
9787,42,0
9788,41,0
9789,20,0
9790,22,0
9791,41,0
9792,20,0
9793,42,0
9794,39,0
9795,36,0
9796,40,0
9797,52,0
9798,34,0
9799,26,0
9800,32,0
9801,19,0
9802,20,0
9803,39,0
9804,76,0
9805,19,0
9806,22,0
9807,48,0
9808,35,0
9809,36,0
9810,37,0
9811,48,0
9812,37,0
9813,28,0
9814,29,0
9815,23,0
9816,18,0
9817,41,0
9818,19,0
9819,59,0
9820,20,0
9821,49,0
9822,39,0
9823,23,0
9824,22,0
9825,49,0
9826,32,0
9827,44,0
9828,42,0
9829,40,0
9830,41,0
9831,42,0
9832,31,0
9833,28,0
9834,31,0
9835,22,0
9836,18,0
9837,42,0
9838,42,0
9839,21,0
9840,19,0
9841,55,0
9842,39,0
9843,36,0
9844,39,0
9845,38,0
9846,33,0
9847,37,0
9848,26,0
9849,24,0
9850,20,0
9851,40,0
9852,18,0
9853,48,0
9854,19,0
9855,43,0
9856,40,0
9857,17,0
9858,25,0
9859,42,0
9860,18,0
9861,40,0
9862,35,0
9863,51,0
9864,40,0
9865,39,0
9866,32,0
9867,28,0
9868,28,0
9869,28,0
9870,21,0
9871,51,0
9872,51,0
9873,21,0
9874,22,0
9875,48,0
9876,33,0
9877,42,0
9878,42,0
9879,42,0
9880,38,0
9881,25,0
9882,27,0
9883,23,0
9884,19,0
9885,53,0
9886,19,0
9887,41,0
9888,18,0
9889,42,0
9890,39,0
9891,21,0
9892,19,0
9893,80,0
9894,22,0
9895,41,0
9896,42,0
9897,43,0
9898,43,0
9899,46,0
9900,40,0
9901,26,0
9902,31,0
9903,27,0
9904,24,0
9905,43,0
9906,60,0
9907,25,0
9908,22,0
9909,40,0
9910,37,0
9911,40,0
9912,53,0
9913,42,0
9914,36,0
9915,25,0
9916,30,0
9917,25,0
9918,24,0
9919,42,0
9920,18,0
9921,50,0
9922,19,0
9923,51,0
9924,42,0
9925,18,0
9926,22,0
9927,64,0
9928,22,0
9929,51,0
9930,42,0
9931,35,0
9932,37,0
9933,34,0
9934,33,0
9935,27,0
9936,25,0
9937,21,0
9938,20,0
9939,39,0
9940,46,0
9941,19,0
9942,21,0
9943,39,0
9944,36,0
9945,38,0
9946,39,0
9947,35,0
9948,27,0
9949,38,0
9950,25,0
9951,20,0
9952,21,0
9953,34,0
9954,23,0
9955,44,0
9956,19,0
9957,53,0
9958,41,0
9959,18,0
9960,21,0
9961,51,0
9962,179,0
9963,46,0
9964,35,0
9965,38,0
9966,49,0
9967,39,0
9968,44,0
9969,27,0
9970,25,0
9971,40,0
9972,26,0
9973,43,0
9974,50,0
9975,31,0
9976,20,0
9977,44,0
9978,40,0
9979,47,0
9980,44,0
9981,40,0
9982,36,0
9983,30,0
9984,30,0
9985,24,0
9986,24,0
9987,44,0
9988,22,0
9989,58,0
9990,23,0
9991,47,0
9992,43,0
9993,24,0
9994,22,0
9995,44,0
9996,20,0
9997,46,0
9998,37,0
9999,41,0
10000,43,0
