"Read","Whitelisting","Marshalling","Time check","DB store"
296, 3, 834, 11, 8506
361, 5, 292, 11, 6199
560, 7, 436, 14, 6890
555, 7, 423, 14, 6539
532, 7, 443, 14, 6915
513, 7, 426, 14, 6994
490, 8, 411, 14, 6815
516, 7, 402, 24, 6879
503, 7, 388, 13, 7084
512, 7, 417, 13, 6904
513, 7, 405, 13, 7008
531, 7, 408, 13, 10840
497, 7, 408, 25, 6994
519, 7, 413, 14, 8945
505, 7, 400, 13, 6770
502, 7, 522, 13, 9641
468, 7, 401, 13, 6880
495, 7, 399, 13, 6254
470, 7, 419, 14, 6925
531, 11, 585, 14, 5938
482, 7, 416, 14, 6827
507, 7, 571, 26, 6513
494, 7, 383, 13, 6801
533, 9, 405, 13, 9204
493, 19, 385, 13, 5911
536, 7, 412, 13, 6275
515, 7, 394, 13, 7056
531, 7, 419, 14, 7021
515, 7, 392, 13, 9561
587, 7, 494, 13, 6643
527, 7, 420, 14, 6593
546, 8, 405, 13, 6935
521, 7, 386, 13, 6986
556, 8, 401, 13, 6594
481, 7, 415, 14, 6226
533, 7, 403, 19, 6113
508, 11, 409, 14, 6510
506, 7, 436, 14, 6613
515, 8, 386, 14, 6542
512, 7, 431, 14, 6697
478, 7, 410, 14, 9547
546, 7, 400, 13, 6794
535, 8, 398, 13, 6078
542, 8, 401, 13, 6811
501, 8, 414, 14, 6409
531, 7, 400, 14, 6826
522, 8, 385, 26, 6304
526, 8, 399, 13, 9697
521, 8, 386, 13, 6934
559, 8, 476, 14, 6195
501, 7, 387, 13, 6884
561, 7, 402, 13, 6325
493, 7, 427, 14, 6498
544, 8, 398, 14, 9203
532, 7, 385, 13, 6891
548, 7, 403, 25, 9408
482, 7, 406, 14, 6767
547, 7, 401, 14, 6700
522, 19, 399, 13, 6910
547, 7, 401, 13, 6170
523, 7, 395, 14, 6722
546, 19, 412, 13, 6422
538, 8, 394, 13, 6767
572, 9, 413, 13, 9650
498, 7, 429, 14, 6419
588, 7, 482, 13, 6426
488, 7, 418, 14, 6904
522, 8, 438, 14, 10632
498, 7, 389, 13, 6050
517, 7, 403, 31, 6511
513, 7, 393, 13, 6298
537, 7, 411, 13, 6604
1453, 10, 439, 14, 7068
536, 7, 443, 14, 6162
522, 7, 396, 13, 5819
523, 7, 397, 13, 6369
519, 8, 385, 13, 7149
494, 7, 397, 14, 6824
501, 7, 385, 13, 6893
569, 8, 445, 14, 6397
482, 7, 408, 26, 12332
524, 7, 401, 13, 6331
576, 10, 395, 14, 6690
532, 8, 410, 13, 7205
517, 7, 385, 13, 7174
532, 7, 402, 13, 7252
501, 8, 445, 16, 7258
493, 33, 407, 13, 7276
509, 8, 386, 13, 6504
495, 7, 436, 26, 6769
557, 8, 425, 14, 6895
497, 7, 434, 35, 9845
524, 19, 386, 13, 7029
538, 7, 402, 13, 6504
475, 7, 420, 13, 12346
546, 19, 404, 14, 16190
565, 8, 405, 15, 6833
531, 7, 403, 13, 6990
531, 7, 389, 13, 6938
551, 8, 409, 14, 7255
479, 7, 384, 13, 6908
543, 8, 397, 13, 7120
505, 7, 383, 13, 6543
530, 8, 398, 13, 6983
519, 7, 390, 13, 7261
528, 7, 404, 14, 6344
479, 7, 448, 14, 6913
508, 7, 428, 14, 7295
505, 7, 412, 13, 6722
508, 7, 456, 14, 7175
476, 7, 417, 14, 6640
546, 8, 399, 13, 6538
491, 7, 418, 14, 6474
535, 7, 399, 13, 6869
553, 8, 391, 25, 7043
529, 7, 401, 13, 7052
516, 7, 391, 13, 6392
506, 8, 426, 14, 6147
492, 29, 389, 13, 5803
531, 8, 425, 14, 7623
545, 8, 413, 18, 6460
497, 7, 434, 14, 5934
487, 7, 406, 13, 6677
519, 7, 406, 41, 6609
515, 7, 387, 13, 6255
536, 7, 441, 14, 6048
484, 20, 390, 13, 7020
510, 7, 398, 13, 6655
491, 7, 381, 13, 6483
496, 20, 400, 34, 6171
466, 7, 408, 14, 6726
522, 7, 404, 13, 6489
480, 7, 418, 14, 6663
499, 7, 399, 13, 7123
489, 7, 408, 15, 9908
514, 8, 401, 13, 6216
481, 7, 447, 18, 8845
495, 7, 397, 13, 6750
506, 7, 385, 13, 9496
494, 7, 446, 14, 6429
510, 7, 391, 13, 6485
513, 7, 423, 13, 6670
562, 7, 387, 13, 7107
550, 7, 402, 13, 6428
478, 7, 414, 13, 6514
518, 7, 402, 13, 6632
542, 8, 425, 14, 6486
508, 7, 398, 23, 9457
477, 33, 387, 26, 7008
494, 31, 404, 14, 6618
488, 7, 389, 32, 7038
562, 8, 456, 17, 9176
495, 7, 411, 15, 6798
493, 7, 449, 13, 6707
526, 7, 396, 14, 6715
540, 8, 424, 13, 7675
480, 8, 428, 14, 6921
500, 7, 419, 26, 6656
520, 8, 399, 13, 6143
497, 7, 435, 37, 6578
515, 20, 387, 14, 6360
505, 7, 399, 13, 6730
531, 7, 383, 13, 6238
527, 20, 441, 13, 9710
542, 7, 395, 13, 6417
495, 11, 446, 14, 7011
509, 7, 416, 14, 6613
540, 7, 405, 13, 6464
479, 7, 419, 14, 6571
551, 8, 401, 13, 9242
469, 7, 382, 13, 6803
540, 7, 401, 14, 9346
476, 7, 409, 14, 6980
493, 8, 421, 14, 5888
486, 7, 386, 14, 6651
560, 8, 399, 13, 6905
528, 8, 387, 13, 9460
496, 7, 399, 13, 6747
516, 7, 390, 13, 9930
538, 7, 400, 13, 6705
490, 7, 424, 14, 6400
536, 7, 399, 13, 6738
514, 7, 386, 26, 6928
534, 8, 404, 13, 6477
502, 7, 396, 13, 6930
537, 8, 400, 13, 9919
524, 8, 384, 13, 7141
524, 7, 398, 13, 7048
478, 7, 397, 14, 6782
553, 8, 401, 13, 6139
511, 8, 387, 14, 7248
504, 7, 428, 26, 10775
549, 8, 423, 13, 6201
496, 8, 423, 13, 6586
515, 8, 386, 13, 7234
1389, 13, 437, 14, 6491
483, 7, 429, 14, 6667
496, 20, 416, 14, 6099
476, 7, 410, 14, 6832
526, 7, 401, 13, 6413
483, 7, 436, 14, 6944
495, 7, 444, 14, 6903
465, 7, 402, 14, 6421
544, 8, 399, 13, 8621
476, 7, 405, 14, 9257
567, 12, 441, 14, 6347
531, 11, 395, 13, 6504
503, 7, 429, 14, 6577
496, 7, 383, 13, 6363
518, 7, 424, 14, 6398
503, 7, 392, 13, 6331
497, 7, 402, 13, 7012
474, 7, 383, 13, 6845
524, 7, 429, 13, 9167
491, 7, 398, 14, 6708
526, 7, 399, 13, 9500
483, 7, 408, 26, 6332
572, 11, 498, 15, 6324
502, 12, 383, 13, 6465
502, 7, 426, 14, 6707
469, 7, 385, 13, 6174
502, 7, 414, 13, 7202
477, 7, 470, 15, 6645
545, 7, 422, 13, 6807
546, 8, 384, 13, 6915
521, 7, 422, 26, 6606
467, 7, 410, 13, 6635
553, 7, 507, 14, 6140
490, 8, 411, 13, 6634
522, 7, 399, 13, 6328
467, 7, 416, 14, 6220
499, 21, 423, 13, 6380
492, 7, 389, 13, 6503
495, 7, 413, 13, 6763
496, 7, 387, 13, 6548
512, 9, 400, 13, 6378
546, 7, 463, 14, 6106
521, 11, 435, 13, 6305
501, 7, 402, 13, 6779
506, 7, 412, 13, 6791
517, 7, 384, 14, 6531
540, 7, 452, 14, 7756
484, 7, 426, 13, 6638
542, 7, 443, 13, 6253
510, 7, 422, 14, 6240
529, 7, 397, 13, 6573
675, 8, 413, 13, 6512
523, 7, 402, 13, 6509
585, 8, 478, 15, 6352
524, 7, 400, 14, 5846
543, 7, 386, 26, 6172
520, 7, 414, 18, 5938
498, 7, 383, 13, 6065
535, 7, 446, 14, 6071
498, 7, 384, 13, 6001
514, 7, 427, 13, 5918
504, 7, 398, 14, 9129
521, 7, 400, 13, 5935
494, 7, 387, 13, 6036
531, 7, 407, 26, 9043
501, 7, 382, 13, 9361
498, 7, 423, 13, 6255
512, 9, 385, 13, 6501
516, 7, 409, 13, 6853
514, 7, 405, 13, 6655
517, 26, 426, 14, 6455
506, 7, 388, 13, 7180
504, 7, 445, 14, 6621
523, 7, 387, 13, 6456
504, 7, 421, 23, 9273
475, 7, 457, 14, 6395
543, 8, 401, 13, 5683
523, 7, 384, 13, 6471
497, 7, 403, 13, 9184
477, 7, 407, 14, 6496
529, 7, 403, 13, 6083
531, 7, 394, 13, 5913
557, 8, 399, 13, 6095
521, 7, 386, 13, 6228
505, 7, 401, 14, 6769
508, 7, 385, 13, 5853
555, 8, 450, 14, 6182
515, 8, 384, 13, 6314
507, 7, 419, 14, 6462
519, 7, 382, 26, 6262
524, 8, 400, 13, 6369
479, 7, 419, 14, 15453
522, 7, 441, 14, 15558
492, 7, 401, 15, 6957
496, 7, 419, 14, 6977
474, 7, 413, 14, 6885
499, 7, 402, 13, 7329
471, 7, 437, 14, 6300
538, 7, 411, 25, 7006
530, 7, 384, 13, 12367
503, 7, 400, 13, 6115
485, 8, 414, 15, 6437
540, 8, 403, 13, 6434
498, 7, 384, 14, 6882
522, 20, 401, 13, 7089
502, 7, 386, 13, 9549
496, 7, 427, 14, 9986
513, 7, 415, 13, 6576
528, 7, 398, 13, 6876
521, 7, 414, 14, 6535
505, 8, 421, 14, 6426
520, 7, 1153, 34, 6324
525, 7, 400, 13, 6544
480, 7, 405, 14, 9252
532, 7, 410, 13, 6282
498, 7, 396, 13, 6284
518, 7, 425, 14, 6761
494, 7, 384, 13, 6310
502, 7, 414, 13, 6352
503, 7, 472, 14, 10437
492, 7, 399, 13, 6791
516, 7, 387, 14, 6536
552, 7, 426, 13, 7152
618, 9, 431, 29, 7258
596, 8, 422, 26, 6033
570, 8, 470, 15, 6569
534, 7, 441, 14, 6885
527, 7, 430, 14, 6900
1458, 10, 423, 14, 7045
544, 7, 410, 14, 7097
565, 8, 415, 13, 6576
482, 11, 443, 13, 12491
587, 8, 447, 48, 6750
613, 13, 479, 22, 6707
582, 9, 447, 15, 6910
525, 8, 435, 15, 6680
501, 7, 428, 13, 7256
499, 7, 383, 13, 6623
495, 20, 437, 14, 6693
478, 7, 383, 13, 6783
562, 8, 399, 13, 6432
493, 7, 417, 14, 7052
491, 7, 442, 13, 9232
574, 8, 406, 13, 7507
512, 8, 417, 16, 9011
471, 25, 456, 16, 6681
576, 8, 409, 13, 6804
504, 7, 388, 13, 6917
528, 7, 399, 13, 7162
510, 7, 384, 13, 6633
548, 7, 417, 14, 6528
517, 7, 405, 13, 6038
581, 8, 448, 15, 6750
508, 7, 414, 15, 6667
620, 9, 449, 15, 7014
621, 8, 472, 15, 6663
566, 8, 398, 13, 6719
546, 8, 449, 29, 6740
498, 7, 400, 13, 6397
480, 7, 404, 14, 6707
496, 7, 401, 26, 6728
1354, 35, 421, 14, 7271
531, 7, 398, 13, 7042
525, 7, 398, 14, 6527
608, 14, 460, 15, 6994
597, 8, 434, 15, 6708
589, 8, 457, 29, 6667
618, 8, 495, 15, 6816
561, 8, 490, 15, 6838
556, 9, 468, 15, 6580
533, 7, 474, 15, 6918
572, 8, 434, 38, 6435
590, 23, 455, 15, 6916
581, 8, 446, 15, 6808
593, 9, 463, 15, 6381
586, 8, 485, 15, 6809
586, 8, 469, 15, 6732
587, 9, 437, 15, 7590
598, 9, 453, 15, 6293
536, 8, 471, 15, 6632
597, 8, 510, 15, 6558
564, 9, 441, 15, 6203
