"go_gc_duration_seconds_sum","go_gc_duration_seconds_count","go_memstats_alloc_bytes","go_memstats_sys_bytes","go_memstats_mallocs_total","go_memstats_frees_total"
0.00019225,7.0,8129280.0,48175.0,63206.0,72810744.0
0.001203838,20.0,6473744.0,159662.0,172383.0,72810744.0
0.001578043,35.0,5348264.0,286986.0,295964.0,73072888.0
0.002335484,49.0,7183352.0,411363.0,426026.0,73072888.0
0.004806053,62.0,8512088.0,530094.0,548561.0,73335032.0
0.005186011,77.0,8345368.0,660036.0,674979.0,73335032.0
0.006151545,92.0,7695704.0,794171.0,810614.0,73335032.0
0.006438693,103.0,8066728.0,886532.0,904858.0,73335032.0
0.007111818,109.0,7824504.0,940466.0,957459.0,73335032.0
0.007690539,115.0,7231304.0,994330.0,1009726.0,73335032.0
0.008357933,121.0,6543240.0,1049081.0,1062115.0,73335032.0
0.008591147,128.0,5364352.0,1105033.0,1114263.0,73335032.0
0.009251052,134.0,5714952.0,1156037.0,1166660.0,73335032.0
0.013090339,140.0,5923120.0,1208957.0,1220188.0,73335032.0
0.013352735,146.0,5945616.0,1263114.0,1272414.0,73335032.0
0.013965321,152.0,6026160.0,1313517.0,1324322.0,73335032.0
0.014150406,158.0,8115464.0,1365398.0,1377810.0,73335032.0
0.014316329,164.0,8334688.0,1418414.0,1431578.0,73335032.0
0.01461876,172.0,6011920.0,1481683.0,1492939.0,73335032.0
0.014863458,178.0,6849072.0,1533039.0,1545913.0,73335032.0
0.015070682,184.0,6357728.0,1587466.0,1599040.0,73335032.0
0.015254453,190.0,6430008.0,1641417.0,1651924.0,73335032.0
0.015471395,196.0,6121440.0,1695444.0,1705271.0,73335032.0
0.015692766,202.0,5408960.0,1747321.0,1758357.0,73335032.0
0.016143473,208.0,5997984.0,1800840.0,1811525.0,73335032.0
0.016392204,214.0,8514064.0,1855759.0,1865761.0,73335032.0
0.017496931,221.0,4779160.0,1909811.0,1919138.0,73335032.0
0.018001393,227.0,7693392.0,1960291.0,1972639.0,73335032.0
0.018220313,233.0,7254176.0,2012846.0,2026259.0,73335032.0
0.018416144,239.0,7490992.0,2063949.0,2079153.0,73335032.0
0.018609261,245.0,7179784.0,2116737.0,2131745.0,73335032.0
0.018813683,251.0,6290672.0,2171992.0,2184326.0,73335032.0
0.019009363,257.0,6230200.0,2225507.0,2237681.0,73335032.0
0.01924764,263.0,5689048.0,2279026.0,2289527.0,73335032.0
0.019861078,269.0,5510400.0,2333071.0,2343126.0,73335032.0
0.020412794,275.0,7266336.0,2380111.0,2394912.0,73335032.0
0.020572423,281.0,8352960.0,2431166.0,2449065.0,73335032.0
0.020781023,288.0,5396272.0,2494701.0,2504614.0,73335032.0
0.02133385,294.0,5804432.0,2548910.0,2559698.0,73335032.0
0.021530444,300.0,8494680.0,2593958.0,2612781.0,73335032.0
0.021724434,306.0,8084048.0,2650684.0,2664912.0,73335032.0
0.021868687,312.0,8654112.0,2698738.0,2718311.0,73335032.0
0.02241839,318.0,8096504.0,2752462.0,2770604.0,73335032.0
0.022568739,325.0,7406520.0,2811045.0,2826632.0,73335032.0
0.022821431,332.0,6248808.0,2871320.0,2883227.0,73335032.0
0.023035757,338.0,6390296.0,2926566.0,2938931.0,73335032.0
0.023286098,344.0,5856864.0,2980876.0,2991735.0,73335032.0
0.023674912,350.0,7638392.0,3027762.0,3043990.0,73335032.0
0.024237971,357.0,5397320.0,3087901.0,3097758.0,73335032.0
0.0244393,363.0,7008232.0,3134707.0,3149113.0,73335032.0
0.024604695,369.0,7411584.0,3185413.0,3201167.0,73335032.0
0.024818866,375.0,7836480.0,3236706.0,3254191.0,73335032.0
0.025485,382.0,6327960.0,3295986.0,3308618.0,73335032.0
0.025693689,388.0,7879656.0,3344217.0,3361155.0,73335032.0
0.025866963,394.0,7262272.0,3397870.0,3413038.0,73335032.0
0.026040808,400.0,6876512.0,3450641.0,3465027.0,73335032.0
0.026186595,406.0,7129824.0,3505798.0,3520547.0,73335032.0
0.027082983,412.0,7728120.0,3559389.0,3576180.0,73335032.0
0.027549816,418.0,7839424.0,3613429.0,3630822.0,73335032.0
0.027753216,424.0,8460800.0,3666520.0,3685224.0,73335032.0
0.028023194,431.0,8291856.0,3725585.0,3740743.0,73335032.0
0.029124527,438.0,5449344.0,3786337.0,3796417.0,73335032.0
0.029315955,444.0,5536304.0,3840738.0,3850779.0,73335032.0
0.029627651,450.0,5257592.0,3894425.0,3903544.0,73335032.0
0.029821034,456.0,5387984.0,3946522.0,3956315.0,73335032.0
0.030117348,461.0,8233640.0,3990849.0,4009257.0,73335032.0
0.030633873,467.0,7891936.0,4044668.0,4061437.0,73335032.0
0.03096027,474.0,5763880.0,4102252.0,4112795.0,73335032.0
0.031144117,480.0,6537400.0,4153393.0,4164957.0,73335032.0
0.03134293,486.0,6658712.0,4206740.0,4217816.0,73335032.0
0.031868618,492.0,6212224.0,4260810.0,4270828.0,73335032.0
0.032048651,497.0,5929944.0,4312226.0,4323525.0,73335032.0
0.032254135,503.0,5962912.0,4365997.0,4376695.0,73335032.0
0.032507669,509.0,8613656.0,4416385.0,4430129.0,73335032.0
0.033016976,516.0,4976288.0,4475791.0,4485411.0,73335032.0
0.033375228,522.0,6343008.0,4529122.0,4540109.0,73335032.0
0.033763294,529.0,5612584.0,4586358.0,4596206.0,73335032.0
0.033925721,535.0,5963120.0,4638350.0,4648977.0,73335032.0
0.034134072,542.0,5770688.0,4695239.0,4705223.0,73335032.0
0.03427813,549.0,6129072.0,4750055.0,4761323.0,73335032.0
0.034546083,555.0,6182880.0,4804267.0,4814998.0,73335032.0
0.034754808,561.0,6680288.0,4858452.0,4870304.0,73335032.0
0.034931361,567.0,6620032.0,4912618.0,4924020.0,73335032.0
0.035202023,573.0,6873392.0,4969924.0,4979392.0,73335032.0
0.035406901,580.0,7900368.0,5022675.0,5035424.0,73335032.0
0.035561892,587.0,6223152.0,5081715.0,5093451.0,73335032.0
0.035670501,593.0,8663608.0,5135429.0,5149121.0,73335032.0
0.035834378,600.0,7008328.0,5191514.0,5204892.0,73335032.0
0.036070442,606.0,7553744.0,5244432.0,5259183.0,73335032.0
0.036240313,612.0,7344008.0,5298571.0,5312340.0,73335032.0
0.036422283,618.0,7538728.0,5351901.0,5364627.0,73335032.0
0.03665949,625.0,4213584.0,5414481.0,5423568.0,73335032.0
0.036790782,632.0,4697592.0,5473053.0,5483441.0,73335032.0
0.036979392,639.0,5736536.0,5529639.0,5540385.0,73335032.0
0.03757869,645.0,6347104.0,5582799.0,5595472.0,73335032.0
0.038119592,652.0,6999976.0,5637427.0,5652085.0,73335032.0
0.03846609,658.0,7379064.0,5690582.0,5706765.0,73335032.0
0.039064152,664.0,7237968.0,5743359.0,5758943.0,73335032.0
0.039574108,670.0,6323824.0,5798254.0,5810723.0,73335032.0
0.039702944,676.0,6393432.0,5849759.0,5862307.0,73335032.0
0.040104394,683.0,5636664.0,5904981.0,5915686.0,73335032.0
0.04111106,689.0,5661496.0,5958768.0,5968983.0,73335032.0
0.041387732,695.0,4802776.0,6009700.0,6020423.0,73335032.0
0.041726138,701.0,5271504.0,6062325.0,6073877.0,73335032.0
0.042400934,707.0,5064816.0,6116576.0,6127076.0,73335032.0
0.042973145,715.0,6786360.0,6186621.0,6200586.0,73335032.0
0.04316111,721.0,6999048.0,6239500.0,6253938.0,73335032.0
0.043705784,727.0,6224840.0,6294698.0,6306934.0,73335032.0
0.043950605,733.0,6558592.0,6346853.0,6360305.0,73335032.0
0.044156634,739.0,5640456.0,6402680.0,6412964.0,73335032.0
0.044359344,745.0,8535240.0,6450906.0,6469838.0,73335032.0
0.044483051,751.0,8073088.0,6509276.0,6524478.0,73335032.0
0.044799507,758.0,6663696.0,6566259.0,6579717.0,73335032.0
0.045018311,764.0,7882600.0,6616866.0,6634218.0,73335032.0
0.045258934,771.0,5861272.0,6682914.0,6693824.0,73335032.0
0.045436624,777.0,5624472.0,6737340.0,6750355.0,73335032.0
0.045655717,784.0,4214472.0,6795040.0,6804171.0,73335032.0
0.045838333,790.0,7362384.0,6843849.0,6859304.0,73335032.0
0.046037906,797.0,5832232.0,6906050.0,6916877.0,73335032.0
0.046668335,804.0,5515000.0,6961377.0,6971484.0,73335032.0
0.046786363,810.0,6135224.0,7012719.0,7025019.0,73335032.0
0.04709186,817.0,5229936.0,7067397.0,7077658.0,73335032.0
0.047280922,822.0,8181080.0,7111925.0,7129909.0,73335032.0
0.047561718,828.0,7814288.0,7164981.0,7182119.0,73335032.0
0.047793881,834.0,8474312.0,7215257.0,7234232.0,73335032.0
0.048056009,840.0,7983704.0,7268693.0,7285739.0,73335032.0
0.048259167,846.0,7356888.0,7321823.0,7337274.0,73335032.0
0.04837481,852.0,7861184.0,7375773.0,7392649.0,73335032.0
0.048717127,858.0,7915168.0,7429272.0,7445827.0,73335032.0
0.048828877,865.0,4385872.0,7494401.0,7504236.0,73335032.0
0.050168584,871.0,5374040.0,7548068.0,7560377.0,73335032.0
0.050534223,878.0,5575536.0,7607117.0,7617487.0,73335032.0
0.050688655,885.0,5255472.0,7665320.0,7674287.0,73335032.0
0.05086204,891.0,6832408.0,7716474.0,7730322.0,73335032.0
0.051225639,897.0,8057152.0,7769226.0,7787152.0,73335032.0
0.051378974,904.0,7367272.0,7827703.0,7843123.0,73335032.0
0.051975459,911.0,5167176.0,7889909.0,7898901.0,73335032.0
0.052388081,917.0,6683392.0,7943696.0,7956730.0,73335032.0
0.052713828,923.0,7505680.0,7997263.0,8012738.0,73335032.0
0.052869901,929.0,7640104.0,8051288.0,8067255.0,73335032.0
0.053071969,935.0,8524256.0,8105757.0,8124299.0,73335032.0
0.053239101,942.0,6402344.0,8167762.0,8180203.0,73335032.0
0.053405692,948.0,4949200.0,8224070.0,8235388.0,73335032.0
0.054005558,954.0,7978312.0,8275848.0,8293074.0,73335032.0
0.054303404,960.0,6038072.0,8331144.0,8345357.0,73335032.0
0.05455519,967.0,4799672.0,8387678.0,8398459.0,73335032.0
0.054866291,973.0,5002352.0,8439333.0,8450524.0,73335032.0
0.055292193,979.0,7595760.0,8485565.0,8501886.0,73335032.0
0.055640125,986.0,4326800.0,8546364.0,8555816.0,73335032.0
0.055800003,992.0,7423040.0,8594769.0,8610296.0,73335032.0
0.055960492,998.0,6512088.0,8650780.0,8663687.0,73335032.0
0.056137093,1004.0,8175720.0,8699271.0,8717115.0,73335032.0
0.056357257,1011.0,4418280.0,8762127.0,8771585.0,73335032.0
0.056548246,1017.0,6336168.0,8814666.0,8826930.0,73335032.0
0.056696707,1023.0,7078208.0,8867574.0,8882197.0,73335032.0
0.05693389,1030.0,4495512.0,8928170.0,8938194.0,73335032.0
0.057344884,1037.0,5681808.0,8985472.0,8996314.0,73335032.0
0.057497902,1044.0,5111896.0,9044076.0,9052821.0,73335032.0
0.057696566,1050.0,6154008.0,9093319.0,9105451.0,73335032.0
0.05792264,1056.0,5600584.0,9147190.0,9157543.0,73335032.0
0.058291915,1062.0,6365552.0,9198540.0,9209474.0,73335032.0
0.058523225,1067.0,7678480.0,9244595.0,9260974.0,73335032.0
0.058691787,1073.0,5210512.0,9301140.0,9312746.0,73335032.0
0.058962233,1079.0,8449456.0,9346040.0,9364968.0,73335032.0
0.059154939,1085.0,8821408.0,9397516.0,9417351.0,73335032.0
0.059574045,1091.0,8257080.0,9451723.0,9469811.0,73335032.0
0.059776644,1097.0,7672568.0,9505140.0,9521407.0,73335032.0
0.059946609,1103.0,7390640.0,9558556.0,9574144.0,73335032.0
0.060222892,1109.0,6660040.0,9614058.0,9627121.0,73335032.0
0.060421392,1115.0,7789832.0,9666805.0,9678882.0,73335032.0
0.060795923,1122.0,5293832.0,9721631.0,9730889.0,73335032.0
0.060980775,1127.0,8682408.0,9768343.0,9783152.0,73335032.0
0.061200558,1133.0,8329352.0,9822948.0,9836050.0,73335032.0
0.061818038,1140.0,5541408.0,9880116.0,9889166.0,73335032.0
0.061983365,1146.0,5272184.0,9933106.0,9942445.0,73335032.0
0.06251555,1152.0,6196944.0,9985096.0,9995444.0,73335032.0
0.062845258,1158.0,6147896.0,10038611.0,10048661.0,73335032.0
0.063058542,1164.0,4127512.0,10092335.0,10101129.0,73335032.0
0.063463771,1169.0,8435944.0,10137649.0,10152944.0,73335032.0
0.064444064,1175.0,8327800.0,10190994.0,10205520.0,73335032.0
0.064716019,1182.0,6656552.0,10243865.0,10257371.0,73335032.0
0.064893545,1188.0,6968888.0,10296557.0,10310491.0,73335032.0
0.065200366,1194.0,7606848.0,10345864.0,10361722.0,73335032.0
0.065637415,1200.0,7090032.0,10400132.0,10414443.0,73335032.0
0.06612032,1206.0,6277312.0,10454922.0,10466881.0,73335032.0
0.066941787,1212.0,5814248.0,10507954.0,10518864.0,73335032.0
0.067217087,1217.0,8502928.0,10555581.0,10571195.0,73335032.0
0.067636071,1223.0,8779888.0,10602423.0,10622660.0,73335032.0
0.067790723,1229.0,7831384.0,10660001.0,10677032.0,73335032.0
0.068051736,1235.0,8314528.0,10710384.0,10729082.0,73335032.0
0.068782447,1241.0,8224496.0,10762837.0,10781287.0,73335032.0
0.069258144,1247.0,7872552.0,10816620.0,10834133.0,73335032.0
0.069637945,1254.0,6561856.0,10873347.0,10886505.0,73335032.0
0.069986719,1260.0,8070664.0,10924853.0,10942935.0,73335032.0
0.070660621,1266.0,8517016.0,10978719.0,10998052.0,73335032.0
0.070894682,1272.0,8480584.0,11032753.0,11051319.0,73335032.0
0.071083702,1279.0,5952368.0,11095162.0,11106560.0,73335032.0
0.071264439,1285.0,5921864.0,11152138.0,11163427.0,73335032.0
0.071484138,1291.0,8319112.0,11206003.0,11224198.0,73335032.0
0.071638429,1298.0,4508528.0,11274082.0,11283698.0,73335032.0
0.071799257,1304.0,7566632.0,11324260.0,11340030.0,73335032.0
0.07200033,1310.0,6011968.0,11379564.0,11393958.0,73335032.0
0.072195596,1316.0,5277384.0,11435753.0,11447318.0,73335032.0
0.072451446,1322.0,6886552.0,11486168.0,11500437.0,73335032.0
0.07296298,1328.0,4689248.0,11543007.0,11553552.0,73335032.0
0.073175608,1334.0,7029128.0,11592528.0,11606933.0,73335032.0
0.073345158,1340.0,6100264.0,11647417.0,11658925.0,73335032.0
0.073975991,1346.0,4593040.0,11704895.0,11714865.0,73335032.0
0.074112738,1352.0,5625656.0,11755448.0,11768674.0,73335032.0
0.074304192,1358.0,8653976.0,11801886.0,11821168.0,73335032.0
0.074458611,1364.0,8222272.0,11856665.0,11874751.0,73335032.0
0.074634382,1371.0,4374624.0,11920308.0,11929688.0,73335032.0
0.074783457,1377.0,5586808.0,11973243.0,11986308.0,73335032.0
0.07493654,1383.0,8709152.0,12024962.0,12040949.0,73335032.0
0.075144184,1389.0,8583552.0,12078315.0,12094628.0,73335032.0
0.07539388,1397.0,6133936.0,12140512.0,12152783.0,73335032.0
0.075567142,1404.0,5956936.0,12197265.0,12208842.0,73335032.0
0.075745399,1410.0,8313584.0,12248508.0,12266824.0,73335032.0
0.07638159,1416.0,8215832.0,12302691.0,12320923.0,73335032.0
0.076627813,1422.0,7629712.0,12356770.0,12373255.0,73335032.0
0.076876759,1428.0,7351576.0,12409914.0,12425309.0,73335032.0
0.077116616,1435.0,5583984.0,12468203.0,12478254.0,73335032.0
0.078049337,1441.0,6393512.0,12517688.0,12530081.0,73335032.0
0.078187866,1447.0,6461224.0,12571637.0,12584462.0,73335032.0
0.078339945,1453.0,6038272.0,12626537.0,12638086.0,73335032.0
0.078675367,1459.0,6603040.0,12679225.0,12692568.0,73335032.0
0.078857016,1465.0,6260088.0,12733132.0,12745608.0,73335032.0
0.079405378,1471.0,6181432.0,12786931.0,12799102.0,73335032.0
0.079885504,1477.0,5925360.0,12840839.0,12852453.0,73335032.0
0.080340391,1483.0,5721992.0,12894718.0,12905554.0,73335032.0
0.080814691,1489.0,5571760.0,12948524.0,12958804.0,73335032.0
0.081511981,1495.0,5360952.0,13002003.0,13011609.0,73335032.0
0.082109443,1501.0,5249568.0,13055098.0,13064338.0,73335032.0
0.082258713,1506.0,5789976.0,13102129.0,13115640.0,73335032.0
0.08319184,1512.0,4502072.0,13156802.0,13166466.0,73335032.0
0.08338528,1518.0,8174712.0,13205721.0,13219484.0,73335032.0
0.083630535,1525.0,4675704.0,13263442.0,13272826.0,73335032.0
0.083808539,1531.0,7692664.0,13313778.0,13326038.0,73335032.0
0.084259934,1537.0,7934168.0,13367035.0,13379803.0,73335032.0
0.084826216,1543.0,8065856.0,13421814.0,13434877.0,73335032.0
0.085440812,1550.0,6725272.0,13477544.0,13488514.0,73335032.0
0.085610068,1556.0,7761688.0,13530769.0,13542823.0,73335032.0
0.085969453,1562.0,8200184.0,13584693.0,13596766.0,73335032.0
0.086228297,1568.0,8688416.0,13638638.0,13651513.0,73335032.0
0.086860577,1574.0,8465168.0,13693577.0,13705847.0,73335032.0
0.087091714,1581.0,5263816.0,13749890.0,13758856.0,73335032.0
0.087507349,1586.0,7624640.0,13801506.0,13812934.0,73335032.0
0.088107803,1592.0,7815360.0,13855405.0,13867393.0,73335032.0
0.088396302,1598.0,7546584.0,13909529.0,13921399.0,73335032.0
0.088721291,1604.0,7703352.0,13962727.0,13975593.0,73335032.0
0.089281243,1610.0,6621032.0,14016867.0,14029006.0,73335032.0
0.08998423,1616.0,5639912.0,14071689.0,14081737.0,73335032.0
0.090587006,1621.0,8268368.0,14118825.0,14133727.0,73335032.0
0.090898192,1627.0,8585128.0,14167367.0,14186210.0,73335032.0
0.091228823,1633.0,8080224.0,14226447.0,14240635.0,73335032.0
0.091811909,1639.0,8664168.0,14274522.0,14293654.0,73335032.0
0.091963361,1645.0,8241200.0,14330041.0,14347793.0,73335032.0
0.092499861,1651.0,8407480.0,14382012.0,14400504.0,73335032.0
0.093067692,1657.0,8034328.0,14435726.0,14453160.0,73335032.0
0.093347752,1663.0,7928712.0,14489399.0,14506374.0,73335032.0
0.093518581,1669.0,7547368.0,14543564.0,14559269.0,73335032.0
0.093677798,1675.0,6800800.0,14597259.0,14611188.0,73335032.0
0.093893699,1681.0,7084152.0,14650566.0,14665553.0,73335032.0
0.094002273,1688.0,5483696.0,14715015.0,14724739.0,73335032.0
0.094080553,1694.0,7096416.0,14770578.0,14785286.0,73335032.0
0.094241852,1700.0,7870112.0,14826621.0,14843600.0,73335032.0
0.094509208,1707.0,6196112.0,14889718.0,14902077.0,73335032.0
0.094852259,1714.0,6154104.0,14947896.0,14958047.0,73335032.0
0.099893763,1721.0,6224856.0,15002969.0,15013219.0,73335032.0
0.100220868,1728.0,5234280.0,15059803.0,15068611.0,73335032.0
0.100762121,1734.0,5297224.0,15113375.0,15122417.0,73335032.0
0.101055867,1740.0,6818912.0,15165673.0,15176170.0,73335032.0
0.101974974,1746.0,6542064.0,15219714.0,15230089.0,73335032.0
0.102283299,1752.0,5765592.0,15273637.0,15283691.0,73335032.0
0.102873885,1757.0,5511200.0,15322258.0,15335306.0,73335032.0
0.103488302,1763.0,5423424.0,15375652.0,15388409.0,73335032.0
0.103752635,1769.0,8213032.0,15426905.0,15441137.0,73335032.0
0.104622985,1776.0,4913512.0,15482845.0,15494184.0,73335032.0
0.104848182,1783.0,4625160.0,15538318.0,15548697.0,73335032.0
0.105376876,1789.0,5560880.0,15591343.0,15604511.0,73335032.0
0.105492358,1796.0,6458520.0,15651034.0,15663838.0,73335032.0
0.105791038,1802.0,7226384.0,15705805.0,15720269.0,73335032.0
0.106143255,1808.0,8247736.0,15759680.0,15775374.0,73335032.0
0.106645484,1815.0,7632416.0,15819101.0,15831086.0,73335032.0
0.106803947,1822.0,5799184.0,15876334.0,15885783.0,73335032.0
0.107037259,1828.0,6774544.0,15930293.0,15940823.0,73335032.0
0.107190617,1834.0,8378464.0,15984326.0,15996790.0,73335032.0
0.107892338,1840.0,7618056.0,16038705.0,16049991.0,73335032.0
0.108072691,1846.0,8109560.0,16093464.0,16105741.0,73335032.0
0.108257587,1852.0,8488000.0,16147578.0,16159697.0,73335032.0
0.108673253,1858.0,7674368.0,16201157.0,16213007.0,73335032.0
0.108851595,1864.0,8032104.0,16254658.0,16267322.0,73335032.0
0.10913449,1870.0,7386440.0,16309823.0,16321268.0,73335032.0
0.109729639,1876.0,6769384.0,16363870.0,16374754.0,73335032.0
0.109936121,1882.0,6966448.0,16416951.0,16428878.0,73335032.0
0.110077769,1888.0,7344568.0,16471602.0,16483763.0,73335032.0
0.110648629,1894.0,8583576.0,16527885.0,16540256.0,73335032.0
0.111355229,1901.0,4640592.0,16584761.0,16594203.0,73335032.0
0.111553066,1907.0,8560504.0,16633414.0,16648146.0,73335032.0
0.111892882,1913.0,7992800.0,16687437.0,16701905.0,73335032.0
0.112498547,1919.0,7683744.0,16740213.0,16755713.0,73335032.0
0.112741493,1925.0,7049480.0,16795304.0,16809137.0,73335032.0
0.113307594,1931.0,6601056.0,16847991.0,16861269.0,73335032.0
0.113908938,1937.0,6420688.0,16900912.0,16913616.0,73335032.0
0.1141645,1943.0,6390760.0,16954949.0,16967327.0,73335032.0
0.114454993,1949.0,6159608.0,17009956.0,17021820.0,73335032.0
0.114696174,1955.0,5252832.0,17063957.0,17073023.0,73335032.0
0.114964428,1960.0,8100184.0,17110938.0,17126689.0,73335032.0
0.115527743,1967.0,6998488.0,17163270.0,17177675.0,73335032.0
0.115758806,1973.0,7796528.0,17212740.0,17229694.0,73335032.0
0.116226327,1979.0,7393760.0,17266223.0,17281980.0,73335032.0
0.116388856,1985.0,7342128.0,17319957.0,17335489.0,73335032.0
0.11658666,1992.0,6391272.0,17374388.0,17387040.0,73335032.0
0.11678207,1998.0,6273200.0,17427141.0,17439547.0,73335032.0
0.117012471,2004.0,6566768.0,17482122.0,17492767.0,73335032.0
0.117757454,2011.0,5235984.0,17535174.0,17544569.0,73335032.0
0.117974898,2017.0,4988880.0,17585029.0,17596121.0,73335032.0
0.11845412,2023.0,5488128.0,17636622.0,17648788.0,73335032.0
0.118981135,2029.0,5390784.0,17688814.0,17701503.0,73335032.0
0.119141164,2035.0,8166328.0,17737906.0,17753957.0,73335032.0
0.11937746,2041.0,8446080.0,17790666.0,17805872.0,73335032.0
0.119812298,2047.0,8474648.0,17843287.0,17857333.0,73335032.0
0.120038291,2054.0,7030592.0,17900071.0,17910776.0,73335032.0
0.120266643,2060.0,7754088.0,17951924.0,17964373.0,73335032.0
0.120511264,2066.0,7128976.0,18005589.0,18017395.0,73335032.0
0.121123481,2072.0,6527792.0,18060314.0,18070532.0,73335032.0
0.121306494,2078.0,5219688.0,18114950.0,18123818.0,73335032.0
0.121459778,2083.0,8329984.0,18161811.0,18177209.0,73335032.0
0.12170821,2089.0,7536112.0,18215718.0,18231039.0,73335032.0
0.122664719,2095.0,6839040.0,18269317.0,18283482.0,73335032.0
0.123707414,2101.0,6264352.0,18323081.0,18335579.0,73335032.0
0.124393239,2107.0,5442248.0,18377498.0,18387001.0,73335032.0
0.125125655,2113.0,5932000.0,18430768.0,18442169.0,73335032.0
0.125721046,2119.0,5453232.0,18484584.0,18494588.0,73335032.0
0.125937704,2124.0,6110728.0,18531288.0,18545505.0,73335032.0
0.126138659,2130.0,5585520.0,18583801.0,18596744.0,73335032.0
0.126390427,2136.0,8069560.0,18630240.0,18648112.0,73335032.0
0.126569857,2142.0,8201408.0,18682066.0,18700017.0,73335032.0
0.127302202,2148.0,8304672.0,18733529.0,18751984.0,73335032.0
0.127583329,2154.0,7159984.0,18788304.0,18803348.0,73335032.0
0.127806136,2160.0,8711208.0,18840916.0,18860565.0,73335032.0
0.127940284,2166.0,8109688.0,18899529.0,18917606.0,73335032.0
0.128150853,2173.0,6063240.0,18962018.0,18976328.0,73335032.0
0.128351371,2179.0,6246056.0,19015457.0,19030471.0,73335032.0
0.128480258,2185.0,8078712.0,19067049.0,19084740.0,73335032.0
0.129136352,2192.0,5208360.0,19130330.0,19139727.0,73335032.0
0.129310639,2198.0,6123272.0,19184083.0,19195552.0,73335032.0
0.12949016,2204.0,6489440.0,19238031.0,19247795.0,73335032.0
0.129706889,2210.0,6460944.0,19283961.0,19300001.0,73335032.0
0.129923335,2217.0,4179528.0,19343677.0,19352761.0,73335032.0
0.130102331,2223.0,4335448.0,19395220.0,19404666.0,73335032.0
0.130750435,2229.0,4989576.0,19446033.0,19457667.0,73335032.0
0.13090197,2235.0,7737536.0,19493840.0,19510325.0,73335032.0
0.130990716,2241.0,7288648.0,19547830.0,19562910.0,73335032.0
0.13110793,2247.0,8718952.0,19598776.0,19618249.0,73335032.0
0.13124083,2254.0,4637264.0,19662696.0,19673157.0,73335032.0
0.131490169,2260.0,5330992.0,19715801.0,19728092.0,73335032.0
0.131860073,2266.0,5598448.0,19769620.0,19782855.0,73335032.0
0.132103492,2273.0,5736416.0,19829392.0,19840490.0,73335032.0
0.132250555,2279.0,6431040.0,19885377.0,19896186.0,73335032.0
0.132593958,2286.0,6889600.0,19937832.0,19952479.0,73335032.0
0.134658699,2292.0,6845304.0,19991336.0,20005476.0,73335032.0
0.135152286,2298.0,7568928.0,20045314.0,20061458.0,73335032.0
0.135503181,2304.0,8291112.0,20099428.0,20118023.0,73335032.0
0.135904373,2311.0,5961472.0,20165097.0,20176352.0,73335032.0
0.136051186,2317.0,6429008.0,20219002.0,20231187.0,73335032.0
0.136230887,2323.0,6048784.0,20274543.0,20285753.0,73335032.0
0.13652235,2329.0,6680800.0,20328098.0,20341291.0,73335032.0
0.136949308,2335.0,7541616.0,20381327.0,20397264.0,73335032.0
0.137331793,2341.0,8766112.0,20435039.0,20454586.0,73335032.0
0.137532069,2348.0,4476896.0,20499712.0,20509731.0,73335032.0
0.137812154,2353.0,8299328.0,20547403.0,20562477.0,73335032.0
0.138136897,2360.0,4252984.0,20606944.0,20616307.0,73335032.0
0.138363366,2366.0,8053984.0,20653016.0,20670363.0,73335032.0
0.138630717,2373.0,4231848.0,20715690.0,20724910.0,73335032.0
0.138771415,2380.0,4213680.0,20774303.0,20783476.0,73335032.0
0.138964772,2386.0,6602384.0,20826202.0,20839613.0,73335032.0
0.139113857,2392.0,6170808.0,20881770.0,20893642.0,73335032.0
0.13929926,2397.0,6749656.0,20930035.0,20946355.0,73335032.0
0.139656271,2403.0,8106064.0,20980817.0,20998391.0,73335032.0
0.139922748,2409.0,7174832.0,21035495.0,21050431.0,73335032.0
0.140149777,2415.0,6673752.0,21088583.0,21102177.0,73335032.0
0.140346144,2421.0,6027992.0,21143343.0,21154705.0,73335032.0
0.140487016,2426.0,8297712.0,21192481.0,21207358.0,73335032.0
0.140733564,2433.0,6325520.0,21247000.0,21259344.0,73335032.0
0.141180777,2438.0,8380336.0,21292359.0,21311325.0,73335032.0
0.141814323,2444.0,7832856.0,21346544.0,21363591.0,73335032.0
0.142211848,2450.0,7304344.0,21400567.0,21415947.0,73335032.0
0.142642912,2456.0,7025968.0,21453938.0,21468515.0,73335032.0
0.142844876,2462.0,6669968.0,21507715.0,21520998.0,73335032.0
0.143478486,2467.0,8505752.0,21559733.0,21573140.0,73335032.0
0.143836329,2474.0,5292088.0,21615971.0,21625257.0,73335032.0
0.1440584,2480.0,5680656.0,21670072.0,21680246.0,73335032.0
0.144220897,2485.0,8440664.0,21717372.0,21732655.0,73335032.0
0.146003009,2492.0,5953160.0,21774519.0,21785180.0,73335032.0
0.146182589,2498.0,7499944.0,21826062.0,21839213.0,73335032.0
0.146447467,2505.0,5364080.0,21883626.0,21892725.0,73335032.0
0.146944434,2510.0,6583240.0,21934140.0,21945856.0,73335032.0
0.147565674,2516.0,7234008.0,21987312.0,21998908.0,73335032.0
0.147762852,2523.0,5199328.0,22043669.0,22052458.0,73335032.0
0.148008629,2529.0,4455424.0,22096778.0,22105835.0,73335032.0
0.148261412,2535.0,4914624.0,22149934.0,22159301.0,73335032.0
0.148576243,2541.0,5422952.0,22202452.0,22213032.0,73335032.0
0.148917567,2547.0,4694840.0,22255829.0,22265761.0,73335032.0
0.149209244,2553.0,8074576.0,22303397.0,22320411.0,73335032.0
0.149454031,2560.0,4215176.0,22363335.0,22372708.0,73335032.0
0.149680289,2566.0,7509080.0,22409046.0,22424858.0,73335032.0
0.150140061,2572.0,7669200.0,22460481.0,22476945.0,73335032.0
0.150732765,2578.0,7555784.0,22513885.0,22529342.0,73335032.0
0.151126268,2584.0,6586392.0,22568236.0,22580546.0,73335032.0
0.152143166,2590.0,6006112.0,22621725.0,22632695.0,73335032.0
0.152779329,2596.0,5703936.0,22674622.0,22685117.0,73335032.0
0.153315923,2601.0,8298056.0,22722111.0,22737928.0,73335032.0
0.153936312,2608.0,6256376.0,22776887.0,22788944.0,73335032.0
0.154602663,2613.0,7645864.0,22824134.0,22841090.0,73335032.0
0.154795683,2619.0,7197920.0,22877136.0,22892414.0,73335032.0
0.155767168,2625.0,6877776.0,22930033.0,22944464.0,73335032.0
0.156040488,2631.0,6471888.0,22983673.0,22996646.0,73335032.0
0.156978525,2637.0,6090272.0,23037646.0,23049496.0,73335032.0
0.157574241,2643.0,5438112.0,23091411.0,23101237.0,73335032.0
0.157907504,2649.0,4707888.0,23142578.0,23152846.0,73335032.0
0.158515227,2655.0,4462112.0,23195565.0,23205000.0,73335032.0
0.1586851,2662.0,6955632.0,23254211.0,23268326.0,73335032.0
0.159158392,2669.0,5322376.0,23319894.0,23329153.0,73335032.0
0.159621789,2674.0,8413872.0,23366056.0,23381434.0,73335032.0
0.15994414,2680.0,8034488.0,23418522.0,23433333.0,73335032.0
0.160234348,2686.0,7588536.0,23468494.0,23484516.0,73335032.0
0.160705264,2692.0,6466480.0,23523819.0,23536495.0,73335032.0
0.161169501,2698.0,6560016.0,23576873.0,23589795.0,73335032.0
0.161768268,2704.0,5581912.0,23630978.0,23641364.0,73335032.0
0.1619263,2710.0,5888272.0,23684590.0,23694466.0,73335032.0
0.162133606,2716.0,5081256.0,23736305.0,23747103.0,73335032.0
0.162362329,2722.0,4634600.0,23790568.0,23800112.0,73335032.0
0.162532428,2728.0,4955272.0,23843802.0,23853515.0,73335032.0
0.162743079,2734.0,7066048.0,23896480.0,23907051.0,73335032.0
0.162984634,2740.0,7627752.0,23947872.0,23960632.0,73335032.0
0.163264254,2746.0,7356464.0,24000164.0,24014475.0,73335032.0
0.163465498,2752.0,8431744.0,24047260.0,24066247.0,73335032.0
0.164009959,2758.0,5757456.0,24107305.0,24118007.0,73335032.0
0.164199963,2764.0,5770344.0,24161687.0,24172608.0,73335032.0
0.164466396,2770.0,5897672.0,24215839.0,24226949.0,73335032.0
0.164607951,2776.0,7263496.0,24270178.0,24285031.0,73335032.0
0.16474566,2782.0,6892128.0,24323986.0,24338294.0,73335032.0
0.164973579,2792.0,6481168.0,24412250.0,24425001.0,73335032.0
0.165181848,2798.0,6189600.0,24463067.0,24478412.0,73335032.0
0.165502213,2805.0,4110064.0,24522199.0,24531118.0,73335032.0
0.165770066,2812.0,5512608.0,24579242.0,24589336.0,73335032.0
0.165959559,2818.0,5226648.0,24631680.0,24640775.0,73335032.0
0.166212314,2824.0,5233688.0,24681210.0,24693635.0,73335032.0
0.166426898,2830.0,8203728.0,24727594.0,24745768.0,73335032.0
0.166666969,2836.0,8172952.0,24780065.0,24797965.0,73335032.0
0.166835637,2843.0,4327000.0,24844976.0,24854721.0,73335032.0
0.167013487,2849.0,5126000.0,24895345.0,24907139.0,73335032.0
0.167173923,2855.0,6121496.0,24948199.0,24963091.0,73335032.0
0.167366635,2861.0,6296600.0,25001018.0,25016548.0,73335032.0
0.167562719,2867.0,6121240.0,25054823.0,25069398.0,73335032.0
0.167745036,2873.0,5068256.0,25109140.0,25120701.0,73335032.0
0.167968843,2879.0,5210776.0,25161700.0,25173607.0,73335032.0
0.168153439,2885.0,8291488.0,25211263.0,25225641.0,73335032.0
0.168314375,2891.0,8437024.0,25267267.0,25278371.0,73335032.0
0.168604502,2898.0,7944592.0,25318310.0,25331584.0,73335032.0
0.169211709,2904.0,8598936.0,25371212.0,25384764.0,73335032.0
0.169439991,2910.0,7244328.0,25426121.0,25438158.0,73335032.0
0.169619407,2916.0,6116168.0,25481000.0,25490831.0,73335032.0
0.170031472,2922.0,6226512.0,25534167.0,25544338.0,73335032.0
0.170609254,2928.0,6942760.0,25588354.0,25598966.0,73335032.0
0.170784839,2934.0,6215360.0,25642714.0,25652564.0,73335032.0
0.171027999,2940.0,6921576.0,25693750.0,25706009.0,73335032.0
0.171245841,2946.0,7560336.0,25744523.0,25759587.0,73335032.0
0.17193063,2953.0,5858896.0,25802180.0,25812710.0,73335032.0
0.172421263,2958.0,6590200.0,25850932.0,25864420.0,73335032.0
0.17304357,2964.0,5970200.0,25904648.0,25915965.0,73335032.0
0.173353347,2970.0,5426112.0,25957868.0,25967690.0,73335032.0
0.173555292,2976.0,4757648.0,26009421.0,26019595.0,73335032.0
0.174212302,2982.0,5620528.0,26059084.0,26072231.0,73335032.0
0.174418722,2988.0,5605096.0,26111576.0,26124786.0,73335032.0
0.174705922,2994.0,8247096.0,26158984.0,26177709.0,73335032.0
0.174853161,3000.0,7952952.0,26212863.0,26230200.0,73335032.0
0.175476504,3006.0,5893704.0,26271353.0,26282274.0,73335032.0
0.175653109,3011.0,8770008.0,26313876.0,26334040.0,73335032.0
0.17587039,3017.0,8059624.0,26368762.0,26386397.0,73335032.0
0.176138093,3023.0,7296296.0,26422874.0,26438294.0,73335032.0
0.176348541,3029.0,7955888.0,26476966.0,26490671.0,73335032.0
0.176646787,3036.0,7528672.0,26530142.0,26546176.0,73335032.0
0.176763471,3043.0,4851560.0,26598264.0,26609014.0,73335032.0
0.177064636,3050.0,5808304.0,26658072.0,26669045.0,73335032.0
0.177310442,3056.0,5615552.0,26711366.0,26722022.0,73335032.0
0.177491074,3062.0,6047576.0,26759495.0,26773878.0,73335032.0
0.177768471,3068.0,8082528.0,26808135.0,26826255.0,73335032.0
0.177967399,3074.0,8600544.0,26858786.0,26878264.0,73335032.0
0.17818825,3080.0,7859784.0,26914235.0,26931033.0,73335032.0
0.178443759,3086.0,8149744.0,26965269.0,26983062.0,73335032.0
0.178718475,3093.0,6853376.0,27023073.0,27036945.0,73335032.0
0.178985993,3099.0,6392576.0,27075909.0,27088560.0,73335032.0
0.179165089,3105.0,6584488.0,27126791.0,27139878.0,73335032.0
0.179377798,3111.0,6683152.0,27179088.0,27192133.0,73335032.0
0.179603434,3117.0,7999824.0,27230244.0,27243946.0,73335032.0
0.179841297,3123.0,5690680.0,27287551.0,27297819.0,73335032.0
0.180051246,3129.0,5386256.0,27342009.0,27351278.0,73335032.0
0.180231852,3134.0,8536872.0,27393067.0,27405216.0,73335032.0
0.180422824,3141.0,5635432.0,27449699.0,27458932.0,73335032.0
0.180989988,3147.0,6625840.0,27504265.0,27514538.0,73335032.0
0.181532554,3153.0,5346880.0,27558949.0,27568009.0,73335032.0
0.181717265,3159.0,5776728.0,27611603.0,27622150.0,73335032.0
0.181953431,3165.0,7216560.0,27665239.0,27677142.0,73335032.0
0.182227963,3171.0,5779728.0,27718883.0,27729673.0,73335032.0
0.182519374,3176.0,8219424.0,27766558.0,27781401.0,73335032.0
0.182751187,3182.0,7760152.0,27820053.0,27834993.0,73335032.0
0.182955829,3188.0,7509848.0,27872458.0,27887772.0,73335032.0
0.183561579,3194.0,7709456.0,27923452.0,27940262.0,73335032.0
0.183764307,3200.0,7251832.0,27977465.0,27992697.0,73335032.0
0.183977615,3206.0,6336768.0,28031194.0,28043797.0,73335032.0
0.184552917,3212.0,5283304.0,28086025.0,28095362.0,73335032.0
0.185074362,3217.0,8183144.0,28132354.0,28146948.0,73335032.0
0.185369665,3223.0,7955088.0,28185961.0,28200438.0,73335032.0
0.185796113,3229.0,7650512.0,28234691.0,28251526.0,73335032.0
0.186031986,3236.0,6313632.0,28291579.0,28303828.0,73335032.0
0.186205122,3242.0,6594608.0,28342456.0,28355876.0,73335032.0
0.186380616,3248.0,6345752.0,28394738.0,28407476.0,73335032.0
0.186567429,3254.0,5141288.0,28446705.0,28458178.0,73335032.0
0.186860564,3260.0,5004368.0,28498479.0,28510028.0,73335032.0
0.188039559,3266.0,4792592.0,28551474.0,28562213.0,73335032.0
0.188456435,3272.0,4683992.0,28603999.0,28614438.0,73335032.0
0.188699871,3278.0,7618384.0,28652496.0,28666870.0,73335032.0
0.189016927,3284.0,8210376.0,28704713.0,28719128.0,73335032.0
0.189555364,3290.0,8539296.0,28757960.0,28772043.0,73335032.0
0.189743022,3296.0,7889032.0,28812729.0,28825460.0,73335032.0
0.190116394,3302.0,7715248.0,28866535.0,28879130.0,73335032.0
0.1907025,3308.0,6695512.0,28921057.0,28932231.0,73335032.0
0.191321666,3314.0,7136560.0,28974647.0,28985806.0,73335032.0
0.192154324,3320.0,5933248.0,29029226.0,29039055.0,73335032.0
0.192772788,3326.0,5233152.0,29083994.0,29092963.0,73335032.0
0.192904149,3331.0,7843376.0,29131929.0,29146252.0,73335032.0
0.193565487,3337.0,7955328.0,29183841.0,29200338.0,73335032.0
0.194137967,3343.0,6805856.0,29237693.0,29252085.0,73335032.0
0.194507371,3349.0,6747576.0,29291513.0,29305793.0,73335032.0
0.194734102,3355.0,6350336.0,29345327.0,29358079.0,73335032.0
0.195263481,3361.0,5800304.0,29399133.0,29410209.0,73335032.0
0.195731958,3367.0,5524856.0,29452739.0,29462895.0,73335032.0
0.196291548,3373.0,5619568.0,29506484.0,29516802.0,73335032.0
0.196490127,3378.0,6095824.0,29556926.0,29568960.0,73335032.0
0.196687563,3386.0,6763160.0,29616144.0,29629894.0,73335032.0
0.197639059,3393.0,6940688.0,29679578.0,29691604.0,73335032.0
0.198224248,3399.0,5942080.0,29733786.0,29744340.0,73335032.0
0.198753128,3405.0,5186080.0,29787840.0,29796785.0,73335032.0
0.199335005,3410.0,8112144.0,29830140.0,29848167.0,73335032.0
0.199548807,3416.0,7974488.0,29883845.0,29900970.0,73335032.0
0.199822767,3422.0,7772576.0,29937569.0,29954489.0,73335032.0
0.200095216,3429.0,5992544.0,29995786.0,30007343.0,73335032.0
0.200496772,3435.0,7250656.0,30045180.0,30060182.0,73335032.0
0.201154393,3441.0,7064080.0,30098962.0,30113380.0,73335032.0
0.201348274,3447.0,6689880.0,30152464.0,30166171.0,73335032.0
0.201825563,3453.0,6089560.0,30206374.0,30218450.0,73335032.0
0.20200455,3459.0,5596216.0,30259502.0,30270172.0,73335032.0
0.202258923,3465.0,5043904.0,30310389.0,30321871.0,73335032.0
0.202767937,3471.0,5643240.0,30361461.0,30374374.0,73335032.0
0.202977588,3478.0,4281320.0,30417393.0,30426845.0,73335032.0
0.203547247,3484.0,6785888.0,30464778.0,30478630.0,73335032.0
0.203762511,3490.0,7309944.0,30515480.0,30530807.0,73335032.0
0.204030405,3497.0,4552584.0,30578420.0,30588525.0,73335032.0
0.20459807,3503.0,4707104.0,30631062.0,30641663.0,73335032.0
0.204727007,3509.0,8418024.0,30677601.0,30696232.0,73335032.0
0.204897003,3515.0,7431680.0,30733060.0,30748602.0,73335032.0
0.20509313,3521.0,4183856.0,30793744.0,30802783.0,73335032.0
0.205250661,3526.0,8826656.0,30836345.0,30854267.0,73335032.0
0.205418511,3532.0,7640360.0,30891085.0,30905996.0,73335032.0
0.205609396,3538.0,6910768.0,30945349.0,30957981.0,73335032.0
0.205784069,3544.0,7217976.0,30998153.0,31010256.0,73335032.0
0.205965362,3550.0,6685432.0,31052788.0,31063561.0,73335032.0
0.206218024,3556.0,6627528.0,31105757.0,31117018.0,73335032.0
0.20652356,3562.0,6508160.0,31159804.0,31170743.0,73335032.0
0.206781665,3568.0,5941832.0,31214427.0,31224151.0,73335032.0
0.206976655,3573.0,8688112.0,31263822.0,31277562.0,73335032.0
0.207258023,3579.0,8454984.0,31316844.0,31331376.0,73335032.0
0.207722111,3585.0,8311384.0,31370788.0,31385280.0,73335032.0
0.208315035,3591.0,7441016.0,31424703.0,31438992.0,73335032.0
0.20850158,3597.0,6874232.0,31478953.0,31492071.0,73335032.0
0.208837483,3603.0,5992512.0,31532189.0,31544084.0,73335032.0
0.209322399,3609.0,6131664.0,31585564.0,31597502.0,73335032.0
0.209715583,3616.0,5367936.0,31643340.0,31653050.0,73335032.0
0.210106279,3622.0,5671256.0,31693841.0,31704679.0,73335032.0
0.210455292,3627.0,6272672.0,31740582.0,31755447.0,73335032.0
0.210615289,3633.0,5996704.0,31793008.0,31806888.0,73335032.0
0.210918556,3639.0,6681240.0,31845705.0,31858736.0,73335032.0
0.211152196,3645.0,6567208.0,31899707.0,31912602.0,73335032.0
0.211353139,3651.0,4856272.0,31954400.0,31965535.0,73335032.0
0.211653565,3657.0,6253280.0,32006476.0,32018693.0,73335032.0
0.211852282,3663.0,7622256.0,32055130.0,32071740.0,73335032.0
0.211990644,3669.0,8185992.0,32107203.0,32125058.0,73335032.0
0.212208812,3675.0,8354064.0,32158675.0,32177496.0,73335032.0
0.212423141,3682.0,4191136.0,32223357.0,32232474.0,73335032.0
0.213063132,3688.0,5429528.0,32275716.0,32285301.0,73335032.0
0.213214904,3693.0,8720592.0,32317503.0,32337532.0,73335032.0
0.213526475,3699.0,7822672.0,32372819.0,32389689.0,73335032.0
0.213761623,3705.0,7054192.0,32426936.0,32441699.0,73335032.0
0.214763055,3711.0,6537056.0,32480482.0,32493345.0,73335032.0
0.215056168,3717.0,5468592.0,32535577.0,32545218.0,73335032.0
0.215208972,3722.0,8469424.0,32582330.0,32598037.0,73335032.0
0.215374958,3729.0,5318880.0,32644048.0,32653255.0,73335032.0
0.215563795,3734.0,8359336.0,32689955.0,32705005.0,73335032.0
0.215776504,3741.0,5912576.0,32747392.0,32758026.0,73335032.0
0.216053737,3747.0,6339328.0,32801257.0,32811375.0,73335032.0
0.216192315,3753.0,8473024.0,32853086.0,32868047.0,73335032.0
0.216281486,3760.0,7714384.0,32916097.0,32932631.0,73335032.0
0.216396232,3766.0,8172840.0,32973255.0,32988436.0,73335032.0
0.21671237,3773.0,5988800.0,33029794.0,33040952.0,73335032.0
0.216928657,3779.0,6997584.0,33079145.0,33093045.0,73335032.0
0.217084533,3785.0,6509176.0,33132631.0,33145325.0,73335032.0
0.217261844,3791.0,6721512.0,33184318.0,33197398.0,73335032.0
0.217566418,3797.0,5467480.0,33239781.0,33249281.0,73335032.0
0.218019802,3803.0,5516696.0,33292876.0,33302526.0,73335032.0
0.218562517,3809.0,5792576.0,33346958.0,33356697.0,73335032.0
0.219262908,3815.0,6366256.0,33400403.0,33410332.0,73335032.0
0.219415911,3820.0,9016520.0,33449152.0,33463298.0,73335032.0
0.21965725,3826.0,8588832.0,33506935.0,33517301.0,73335032.0
0.219848422,3832.0,8046128.0,33557946.0,33570263.0,73335032.0
0.220508638,3838.0,8880760.0,33610959.0,33624886.0,73335032.0
0.220971644,3844.0,8154432.0,33664951.0,33678494.0,73335032.0
0.221501618,3850.0,7763112.0,33719573.0,33732451.0,73335032.0
0.222188501,3856.0,7160360.0,33772803.0,33785945.0,73335032.0
0.222682286,3863.0,5205056.0,33830629.0,33839623.0,73335032.0
0.222901074,3869.0,6495080.0,33880872.0,33893616.0,73335032.0
0.223166945,3875.0,6173896.0,33934691.0,33946976.0,73335032.0
0.223765151,3881.0,5513632.0,33988426.0,33998946.0,73335032.0
0.224043667,3887.0,5290872.0,34041996.0,34051453.0,73335032.0
0.224607053,3892.0,6192288.0,34088314.0,34103320.0,73335032.0
0.225246141,3898.0,6022568.0,34141749.0,34155938.0,73335032.0
0.225460356,3904.0,5912888.0,34195743.0,34209518.0,73335032.0
0.225632088,3910.0,6810896.0,34248323.0,34261973.0,73335032.0
0.225812465,3916.0,5498416.0,34302953.0,34315320.0,73335032.0
0.226011922,3922.0,6507600.0,34354761.0,34367706.0,73335032.0
0.226201744,3928.0,5635568.0,34409391.0,34419810.0,73335032.0
0.226398682,3933.0,8897632.0,34452357.0,34472893.0,73335032.0
0.226588627,3939.0,7221936.0,34509605.0,34524740.0,73335032.0
0.227153781,3945.0,7613664.0,34560853.0,34577667.0,73335032.0
0.227383027,3951.0,7852664.0,34613048.0,34630225.0,73335032.0
0.227646604,3957.0,7313712.0,34667158.0,34682579.0,73335032.0
0.228372404,3963.0,6608272.0,34722105.0,34735148.0,73335032.0
0.228540716,3969.0,6215944.0,34775480.0,34787315.0,73335032.0
0.228707426,3975.0,6191240.0,34829137.0,34840991.0,73335032.0
0.228961277,3981.0,5409328.0,34883934.0,34893401.0,73335032.0
0.229158231,3987.0,5168168.0,34936800.0,34945743.0,73335032.0
0.229341913,3992.0,8246504.0,34983283.0,34998254.0,73335032.0
0.229608806,3998.0,7493304.0,35037446.0,35050233.0,73335032.0
0.230248898,4005.0,5419880.0,35094511.0,35103700.0,73335032.0
0.230588413,4011.0,6129312.0,35146137.0,35157196.0,73335032.0
0.231152552,4017.0,5852448.0,35199910.0,35210189.0,73335032.0
0.231444951,4022.0,6458728.0,35251626.0,35262661.0,73335032.0
0.232043139,4028.0,6080176.0,35305613.0,35316403.0,73335032.0
0.23267617,4034.0,5157384.0,35359935.0,35369854.0,73335032.0
0.233458772,4040.0,4963752.0,35412431.0,35423093.0,73335032.0
0.233635176,4046.0,7200800.0,35459788.0,35475029.0,73335032.0
0.233830163,4052.0,7830200.0,35510241.0,35527207.0,73335032.0
0.234304378,4059.0,6282664.0,35567473.0,35579721.0,73335032.0
0.234510351,4065.0,7228736.0,35617387.0,35632372.0,73335032.0
0.234823039,4071.0,6859240.0,35670939.0,35684825.0,73335032.0
0.235000132,4077.0,5910432.0,35726251.0,35737508.0,73335032.0
0.235349142,4083.0,5683872.0,35779503.0,35790064.0,73335032.0
0.23577962,4088.0,8750544.0,35821659.0,35841660.0,73335032.0
0.235942824,4094.0,7970552.0,35876624.0,35894252.0,73335032.0
0.236530398,4100.0,7494720.0,35929205.0,35945634.0,73335032.0
0.237185533,4106.0,6838768.0,35982707.0,35997260.0,73335032.0
0.237865418,4112.0,6342512.0,36036940.0,36049644.0,73335032.0
0.237976617,4118.0,8611000.0,36091242.0,36111097.0,73335032.0
0.238609501,4125.0,7198048.0,36157703.0,36172528.0,73335032.0
0.23879523,4131.0,6685208.0,36212053.0,36225036.0,73335032.0
0.239371404,4137.0,6927616.0,36263256.0,36277520.0,73335032.0
0.240103001,4143.0,6844544.0,36317299.0,36330835.0,73335032.0
0.24065342,4149.0,5907808.0,36371685.0,36382778.0,73335032.0
0.241264376,4155.0,5475088.0,36425083.0,36434985.0,73335032.0
0.241991249,4160.0,8772792.0,36466828.0,36486782.0,73335032.0
0.24219322,4166.0,8233432.0,36520979.0,36539495.0,73335032.0
0.242803697,4172.0,7451248.0,36574690.0,36590662.0,73335032.0
0.243164716,4178.0,7639480.0,36627789.0,36644069.0,73335032.0
0.243774983,4184.0,7613232.0,36680717.0,36696914.0,73335032.0
0.244024305,4191.0,6030856.0,36738944.0,36750383.0,73335032.0
0.244368657,4197.0,6864824.0,36789623.0,36802887.0,73335032.0
0.244804322,4203.0,6585736.0,36843412.0,36856281.0,73335032.0
0.245327574,4209.0,5759608.0,36898204.0,36908735.0,73335032.0
0.24552181,4215.0,5974512.0,36951987.0,36963188.0,73335032.0
0.245683475,4221.0,6057560.0,37006057.0,37017263.0,73335032.0
0.245971787,4228.0,5874784.0,37060855.0,37070934.0,73335032.0
0.246477733,4234.0,6122984.0,37114360.0,37124561.0,73335032.0
0.247125073,4240.0,5595640.0,37168639.0,37178187.0,73335032.0
0.247745022,4245.0,6291048.0,37219516.0,37231669.0,73335032.0
0.24812752,4251.0,6055064.0,37274023.0,37285023.0,73335032.0
0.248556787,4258.0,5029848.0,37328772.0,37338685.0,73335032.0
0.249447702,4264.0,4606544.0,37382771.0,37392253.0,73335032.0
0.24966705,4270.0,4708624.0,37436636.0,37446075.0,73335032.0
0.249935785,4276.0,7859640.0,37487809.0,37500714.0,73335032.0
0.25036272,4282.0,7009480.0,37541951.0,37554372.0,73335032.0
0.250647883,4288.0,6524440.0,37594466.0,37606919.0,73335032.0
0.250822084,4294.0,8612504.0,37645785.0,37663540.0,73335032.0
0.251052011,4300.0,6938984.0,37702379.0,37716478.0,73335032.0
0.251651194,4306.0,7698104.0,37751953.0,37768949.0,73335032.0
0.252260756,4312.0,6749688.0,37806887.0,37820963.0,73335032.0
0.25256458,4318.0,6449240.0,37859394.0,37872257.0,73335032.0
0.252842187,4324.0,6198152.0,37912924.0,37925061.0,73335032.0
0.253514486,4330.0,5326336.0,37967472.0,37976956.0,73335032.0
0.253639818,4335.0,8562160.0,38016313.0,38032119.0,73335032.0
0.25397408,4341.0,8764320.0,38064413.0,38083987.0,73335032.0
0.254171343,4347.0,7935752.0,38118279.0,38135518.0,73335032.0
0.254454571,4354.0,7202736.0,38174074.0,38189427.0,73335032.0
0.255056868,4360.0,7494488.0,38225820.0,38241391.0,73335032.0
0.256015036,4366.0,7056784.0,38278698.0,38293443.0,73335032.0
0.256640366,4372.0,6433752.0,38332583.0,38345733.0,73335032.0
0.25744568,4378.0,6062216.0,38386455.0,38398530.0,73335032.0
0.258217564,4384.0,5567832.0,38440295.0,38450912.0,73335032.0
0.258700428,4390.0,5388880.0,38494098.0,38503875.0,73335032.0
0.258940672,4395.0,6295184.0,38539911.0,38555231.0,73335032.0
0.259125068,4401.0,6667680.0,38592210.0,38605130.0,73335032.0
0.259309441,4407.0,4742712.0,38646846.0,38657500.0,73335032.0
0.259506198,4413.0,8058280.0,38696667.0,38710298.0,73335032.0
0.259683382,4420.0,4601384.0,38755628.0,38765496.0,73335032.0
0.259846505,4426.0,8545624.0,38808889.0,38821906.0,73335032.0
0.260676464,4434.0,5473080.0,38869554.0,38879797.0,73335032.0
0.260931389,4440.0,6387584.0,38924282.0,38936711.0,73335032.0
0.262209016,4446.0,7504832.0,38978124.0,38994407.0,73335032.0
0.262846222,4452.0,7326744.0,39031961.0,39047526.0,73335032.0
0.263391364,4458.0,6523016.0,39084880.0,39098203.0,73335032.0
0.263525984,4464.0,7209344.0,39137897.0,39152998.0,73335032.0
0.2636625,4470.0,7574136.0,39192170.0,39208242.0,73335032.0
0.263808005,4476.0,7326544.0,39246557.0,39261933.0,73335032.0
0.264079515,4482.0,7634040.0,39300824.0,39316868.0,73335032.0
0.264293064,4488.0,7539456.0,39355059.0,39371167.0,73335032.0
0.264453363,4494.0,7013568.0,39409201.0,39423485.0,73335032.0
0.264735901,4500.0,6904000.0,39463362.0,39477390.0,73335032.0
0.265596618,4506.0,7376888.0,39517408.0,39531801.0,73335032.0
0.265899407,4512.0,8414664.0,39571839.0,39587709.0,73335032.0
0.26630093,4518.0,8426712.0,39625828.0,39641640.0,73335032.0
0.266520843,4525.0,7875816.0,39681648.0,39697153.0,73335032.0
0.266684465,4532.0,5542440.0,39742802.0,39752827.0,73335032.0
0.266958153,4538.0,5387832.0,39796356.0,39805962.0,73335032.0
0.267204018,4544.0,6713112.0,39845663.0,39859099.0,73335032.0
0.267348625,4550.0,7749888.0,39898660.0,39911816.0,73335032.0
0.267615785,4557.0,5421664.0,39954920.0,39965030.0,73335032.0
0.267826429,4563.0,6494312.0,40008070.0,40018437.0,73335032.0
0.268021762,4569.0,6638384.0,40060466.0,40072162.0,73335032.0
0.268526205,4575.0,7089984.0,40114085.0,40126339.0,73335032.0
0.26886194,4581.0,6407616.0,40168350.0,40179526.0,73335032.0
0.269183976,4588.0,5462200.0,40223330.0,40232845.0,73335032.0
0.269453762,4594.0,5915120.0,40277197.0,40287234.0,73335032.0
0.269927007,4600.0,5378152.0,40331617.0,40340752.0,73335032.0
0.270087198,4606.0,5763088.0,40384369.0,40394782.0,73335032.0
0.270312673,4612.0,5805544.0,40438089.0,40448586.0,73335032.0
0.270544401,4618.0,5211952.0,40490083.0,40501363.0,73335032.0
0.270726472,4624.0,6952096.0,40538316.0,40552708.0,73335032.0
0.270978484,4630.0,7159320.0,40589421.0,40604655.0,73335032.0
0.271149396,4636.0,6487400.0,40643656.0,40656851.0,73335032.0
0.271410844,4642.0,6816408.0,40695078.0,40708617.0,73335032.0
0.27185996,4648.0,6477904.0,40748241.0,40760971.0,73335032.0
0.272491321,4654.0,6217880.0,40802794.0,40814493.0,73335032.0
0.272676366,4660.0,5301608.0,40856674.0,40866198.0,73335032.0
0.273096062,4665.0,8571032.0,40897516.0,40917177.0,73335032.0
0.273415813,4671.0,7479136.0,40951733.0,40967912.0,73335032.0
0.273673927,4677.0,6809224.0,41004846.0,41019325.0,73335032.0
0.274378457,4683.0,6554920.0,41058462.0,41072115.0,73335032.0
0.27455629,4689.0,6033520.0,41111554.0,41123556.0,73335032.0
0.274689063,4695.0,6500800.0,41164454.0,41177815.0,73335032.0
0.274785254,4701.0,6674096.0,41218858.0,41232182.0,73335032.0
0.275193003,4707.0,7622640.0,41272421.0,41289201.0,73335032.0
0.275573712,4713.0,8525544.0,41328001.0,41347234.0,73335032.0
0.276432915,4719.0,8456208.0,41380383.0,41399299.0,73335032.0
0.277270178,4725.0,7964880.0,41434465.0,41451926.0,73335032.0
0.277678006,4731.0,7444064.0,41488396.0,41504504.0,73335032.0
0.277929456,4737.0,6697112.0,41541978.0,41555536.0,73335032.0
0.278317413,4743.0,5488032.0,41595698.0,41605548.0,73335032.0
0.278486413,4748.0,6243800.0,41646602.0,41657756.0,73335032.0
0.278727159,4754.0,4778320.0,41701032.0,41710718.0,73335032.0
0.278932221,4760.0,5196096.0,41755008.0,41764761.0,73335032.0
0.279175142,4765.0,8934736.0,41805291.0,41818670.0,73335032.0
0.279540368,4771.0,8638920.0,41860026.0,41871583.0,73335032.0
0.279791834,4778.0,7871704.0,41913730.0,41925718.0,73335032.0
0.28007999,4784.0,7845288.0,41966717.0,41979047.0,73335032.0
0.280296331,4790.0,7891424.0,42019613.0,42032294.0,73335032.0
0.280950779,4796.0,6889648.0,42073850.0,42085747.0,73335032.0
0.281240647,4802.0,6095104.0,42127568.0,42138752.0,73335032.0
0.281855416,4808.0,5397680.0,42181167.0,42190970.0,73335032.0
0.282058949,4813.0,7287496.0,42228740.0,42244111.0,73335032.0
0.28234266,4820.0,6007256.0,42288640.0,42300133.0,73335032.0
0.282426232,4827.0,5305040.0,42350447.0,42360539.0,73335032.0
0.282636991,4834.0,5363856.0,42407641.0,42417377.0,73335032.0
0.282781234,4839.0,6009288.0,42458795.0,42469636.0,73335032.0
0.283445172,4845.0,5496480.0,42512793.0,42522798.0,73335032.0
0.283695313,4851.0,7966752.0,42562454.0,42576693.0,73335032.0
0.283921239,4857.0,8275104.0,42614728.0,42630897.0,73335032.0
0.284212916,4863.0,7833640.0,42670528.0,42684816.0,73335032.0
0.284527251,4870.0,6746776.0,42723441.0,42736894.0,73335032.0
0.284697563,4876.0,6677344.0,42775911.0,42789786.0,73335032.0
0.284923876,4882.0,8156040.0,42827070.0,42845351.0,73335032.0
0.285127235,4889.0,7737656.0,42882938.0,42899848.0,73335032.0
0.285385043,4895.0,7505160.0,42935887.0,42952115.0,73335032.0
0.285684689,4901.0,7911416.0,42988809.0,43006180.0,73335032.0
0.285912778,4907.0,8269008.0,43042290.0,43060368.0,73335032.0
0.28649736,4913.0,7734264.0,43096334.0,43112659.0,73335032.0
0.286756542,4919.0,7847448.0,43151415.0,43168391.0,73335032.0
0.287245607,4925.0,8687736.0,43204640.0,43224084.0,73335032.0
0.28741974,4932.0,4198504.0,43270663.0,43279886.0,73335032.0
0.287612998,4938.0,5195616.0,43323825.0,43336153.0,73335032.0
0.287800351,4944.0,8362088.0,43374656.0,43390896.0,73335032.0
0.288231941,4951.0,4729128.0,43433944.0,43444972.0,73335032.0
0.288785719,4957.0,4355112.0,43487842.0,43497391.0,73335032.0
0.289030199,4963.0,4649184.0,43538642.0,43549422.0,73335032.0
0.289442412,4969.0,7746440.0,43585942.0,43602504.0,73335032.0
0.289673571,4976.0,4102200.0,43646457.0,43655301.0,73335032.0
0.290361107,4982.0,5438704.0,43698067.0,43707784.0,73335032.0
0.290822723,4987.0,8538920.0,43742552.0,43761526.0,73335032.0
0.291265655,4993.0,8210016.0,43796490.0,43814079.0,73335032.0
0.291822307,5000.0,4065344.0,43860590.0,43869488.0,73335032.0
0.292011159,5006.0,8106408.0,43905681.0,43923216.0,73335032.0
0.292340572,5013.0,4619832.0,43968011.0,43978397.0,73335032.0
0.292483788,5019.0,7755248.0,44015750.0,44032266.0,73335032.0
0.292611411,5025.0,8643256.0,44067090.0,44086360.0,73335032.0
0.292813122,5032.0,4288896.0,44132747.0,44142392.0,73335032.0
0.295411743,5038.0,5459752.0,44184794.0,44197448.0,73335032.0
0.295624242,5044.0,4943184.0,44237353.0,44248885.0,73335032.0
0.295796588,5050.0,6024800.0,44289952.0,44301846.0,73335032.0
0.295954597,5055.0,8635224.0,44334897.0,44354050.0,73335032.0
0.296497367,5061.0,8297952.0,44387813.0,44406594.0,73335032.0
0.296662478,5067.0,8778600.0,44441033.0,44461067.0,73335032.0
0.296920244,5073.0,6503184.0,44500401.0,44513356.0,73335032.0
0.297041975,5079.0,8509352.0,44550701.0,44569880.0,73335032.0
0.29727344,5086.0,5500048.0,44613129.0,44623185.0,73335032.0
0.297551925,5092.0,5756704.0,44667023.0,44677668.0,73335032.0
0.297798116,5097.0,8683952.0,44709640.0,44729586.0,73335032.0
0.298406219,5103.0,8681056.0,44764635.0,44784712.0,73335032.0
0.298955737,5110.0,4258552.0,44830229.0,44839787.0,73335032.0
0.299226913,5116.0,6966200.0,44878884.0,44893261.0,73335032.0
0.299409155,5122.0,7757944.0,44929341.0,44946059.0,73335032.0
0.299612224,5128.0,7918360.0,44981892.0,44998736.0,73335032.0
0.299809367,5134.0,7593704.0,45037478.0,45053874.0,73335032.0
0.299996959,5140.0,8292168.0,45090595.0,45109094.0,73335032.0
0.300248632,5146.0,8238560.0,45145542.0,45163802.0,73335032.0
0.300419204,5152.0,8196568.0,45197474.0,45215570.0,73335032.0
0.300558845,5159.0,7101136.0,45255412.0,45270258.0,73335032.0
0.300753537,5165.0,8078928.0,45306266.0,45323822.0,73335032.0
0.300872645,5171.0,5457320.0,45366666.0,45380452.0,73335032.0
0.30101221,5178.0,8196360.0,45418435.0,45436441.0,73335032.0
0.301200234,5184.0,8475760.0,45470640.0,45489324.0,73335032.0
0.301516041,5190.0,8148792.0,45527887.0,45542223.0,73335032.0
0.304960771,5197.0,5255728.0,45586567.0,45598562.0,73335032.0
0.305261949,5203.0,5125160.0,45641727.0,45653841.0,73335032.0
0.305657176,5209.0,4338152.0,45696147.0,45705584.0,73335032.0
0.30631231,5215.0,4941200.0,45747051.0,45758588.0,73335032.0
0.306420658,5221.0,7978192.0,45800448.0,45815079.0,73335032.0
0.307124877,5228.0,5480352.0,45856997.0,45869519.0,73335032.0
0.307946676,5235.0,5329504.0,45915205.0,45924891.0,73335032.0
0.308092828,5240.0,6514752.0,45961469.0,45977419.0,73335032.0
0.308514268,5247.0,5812992.0,46022186.0,46033647.0,73335032.0
0.310183616,5253.0,7229512.0,46075537.0,46091246.0,73335032.0
0.311199501,5259.0,8054016.0,46129424.0,46147599.0,73335032.0
0.311810017,5265.0,7429928.0,46183460.0,46199379.0,73335032.0
0.312612537,5271.0,7696888.0,46237465.0,46254099.0,73335032.0
0.312984729,5277.0,7832128.0,46291443.0,46308814.0,73335032.0
0.313702329,5283.0,8034592.0,46345549.0,46363265.0,73335032.0
0.314171735,5289.0,7980784.0,46399471.0,46417203.0,73335032.0
0.31562086,5296.0,5477560.0,46463351.0,46473289.0,73335032.0
0.316054091,5301.0,8167720.0,46506534.0,46524299.0,73335032.0
0.316600779,5307.0,7472560.0,46559986.0,46575385.0,73335032.0
0.317228204,5313.0,6616216.0,46614369.0,46627558.0,73335032.0
0.317466234,5319.0,6542896.0,46668844.0,46681710.0,73335032.0
0.317674208,5325.0,6318904.0,46721526.0,46733934.0,73335032.0
0.317856994,5331.0,5733576.0,46776981.0,46787335.0,73335032.0
0.317989758,5337.0,6395024.0,46830141.0,46842613.0,73335032.0
0.318356643,5343.0,7102760.0,46884242.0,46897756.0,73335032.0
0.318883343,5349.0,6823776.0,46938737.0,46950500.0,73335032.0
0.319416929,5355.0,7288752.0,46992444.0,47004995.0,73335032.0
0.319582469,5361.0,7388496.0,47046739.0,47059171.0,73335032.0
0.319923454,5367.0,7226376.0,47101588.0,47113510.0,73335032.0
0.320136857,5373.0,7314016.0,47155417.0,47167762.0,73335032.0
0.320352759,5379.0,6957888.0,47210478.0,47221279.0,73335032.0
0.320940343,5385.0,6136848.0,47263792.0,47274374.0,73335032.0
0.321548271,5391.0,6048336.0,47317345.0,47328700.0,73335032.0
0.321783564,5398.0,5289888.0,47373217.0,47381998.0,73335032.0
0.321966396,5404.0,5349392.0,47426734.0,47436171.0,73335032.0
0.322429846,5409.0,6477680.0,47477942.0,47488886.0,73335032.0
0.322650933,5415.0,6123736.0,47532220.0,47542888.0,73335032.0
0.322839996,5421.0,6053456.0,47585721.0,47596507.0,73335032.0
0.323370067,5427.0,5823816.0,47640446.0,47650882.0,73335032.0
0.323716687,5433.0,6158688.0,47693686.0,47705029.0,73335032.0
0.324365804,5439.0,5213840.0,47747558.0,47758802.0,73335032.0
0.324579787,5445.0,7464088.0,47795645.0,47811437.0,73335032.0
0.324759766,5451.0,7519384.0,47847663.0,47863814.0,73335032.0
0.325352326,5457.0,7926416.0,47898207.0,47915302.0,73335032.0
0.325591404,5463.0,6668800.0,47954160.0,47967540.0,73335032.0
0.325861917,5469.0,7729536.0,48006687.0,48023169.0,73335032.0
0.326059406,5475.0,7563936.0,48060175.0,48075935.0,73335032.0
0.326779726,5481.0,6943696.0,48114126.0,48128002.0,73335032.0
0.327157095,5487.0,6469512.0,48167266.0,48179678.0,73335032.0
0.327697549,5493.0,6599456.0,48221453.0,48234625.0,73335032.0
0.327917225,5499.0,7197384.0,48275960.0,48290873.0,73335032.0
0.328127259,5505.0,6366496.0,48331758.0,48343617.0,73335032.0
0.328314564,5511.0,8493272.0,48378162.0,48397086.0,73335032.0
0.328823305,5517.0,6393392.0,48437449.0,48450321.0,73335032.0
0.329046749,5523.0,5832584.0,48493267.0,48504303.0,73335032.0
0.329225255,5529.0,6477272.0,48544763.0,48558112.0,73335032.0
0.329398824,5535.0,6987760.0,48598312.0,48613074.0,73335032.0
0.329675464,5542.0,5370256.0,48662128.0,48671513.0,73335032.0
0.329967164,5548.0,6460368.0,48716161.0,48728655.0,73335032.0
0.330098194,5554.0,8179840.0,48769929.0,48787807.0,73335032.0
0.330541571,5561.0,6447704.0,48833255.0,48846528.0,73335032.0
0.330864417,5567.0,7418928.0,48887304.0,48902769.0,73335032.0
0.331079011,5573.0,7871304.0,48941334.0,48957809.0,73335032.0
0.331323944,5579.0,7411384.0,48995223.0,49011026.0,73335032.0
0.331956573,5585.0,7094440.0,49049119.0,49064326.0,73335032.0
0.332547293,5591.0,6594104.0,49102706.0,49116205.0,73335032.0
0.332781791,5597.0,6502584.0,49156100.0,49168930.0,73335032.0
0.332956802,5603.0,6123912.0,49210126.0,49222012.0,73335032.0
0.333190807,5609.0,5674352.0,49262462.0,49272855.0,73335032.0
0.333389388,5615.0,5377408.0,49313348.0,49325347.0,73335032.0
0.333719557,5621.0,5528728.0,49365090.0,49378185.0,73335032.0
0.334020495,5627.0,6687464.0,49415905.0,49429542.0,73335032.0
0.334202791,5633.0,6137272.0,49468703.0,49480605.0,73335032.0
0.334377177,5638.0,9034904.0,49512208.0,49533298.0,73335032.0
0.334533905,5643.0,8596824.0,49570507.0,49586333.0,73335032.0
0.335470016,5649.0,7443664.0,49622384.0,49638369.0,73335032.0
0.335799036,5655.0,7460072.0,49675366.0,49691221.0,73335032.0
0.336006627,5661.0,6939816.0,49729383.0,49743611.0,73335032.0
0.33619674,5667.0,6200080.0,49783365.0,49795075.0,73335032.0
0.336474913,5673.0,5605608.0,49837353.0,49847385.0,73335032.0
0.336622541,5678.0,8647120.0,49883142.0,49899461.0,73335032.0
0.337025776,5684.0,6763576.0,49939808.0,49951420.0,73335032.0
0.337267083,5690.0,5812544.0,49994473.0,50004385.0,73335032.0
0.337496715,5696.0,6829464.0,50046187.0,50057938.0,73335032.0
0.337711749,5702.0,6300512.0,50099827.0,50111196.0,73335032.0
0.337907138,5708.0,6705696.0,50153649.0,50164732.0,73335032.0
0.338098482,5714.0,5909592.0,50208164.0,50217922.0,73335032.0
0.338307394,5720.0,4756664.0,50261313.0,50270558.0,73335032.0
0.338454958,5725.0,8476208.0,50308478.0,50324059.0,73335032.0
0.338671662,5731.0,8256696.0,50363296.0,50377926.0,73335032.0
0.339012448,5738.0,4239912.0,50420827.0,50429903.0,73335032.0
0.339219643,5743.0,8619392.0,50462466.0,50481744.0,73335032.0
0.339500018,5749.0,7444216.0,50517680.0,50533194.0,73335032.0
0.339844088,5755.0,6931704.0,50570155.0,50584022.0,73335032.0
0.340264438,5761.0,5659944.0,50624516.0,50635006.0,73335032.0
0.340484777,5766.0,8899536.0,50665650.0,50686462.0,73335032.0
0.340771419,5772.0,7187120.0,50723106.0,50738015.0,73335032.0
0.341373502,5778.0,7415160.0,50773129.0,50788968.0,73335032.0
0.342208485,5784.0,6848152.0,50826851.0,50841212.0,73335032.0
0.342906615,5790.0,6478040.0,50880582.0,50894116.0,73335032.0
0.343346747,5796.0,6419920.0,50933592.0,50946222.0,73335032.0
0.343910195,5802.0,6544656.0,50986620.0,50999941.0,73335032.0
0.3444695,5808.0,5812624.0,51040695.0,51051669.0,73335032.0
0.345126927,5814.0,5573400.0,51094186.0,51104533.0,73335032.0
0.345638867,5820.0,5502672.0,51148102.0,51158163.0,73335032.0
0.34593182,5825.0,5204976.0,51198183.0,51210045.0,73335032.0
0.34652403,5831.0,4679512.0,51252477.0,51262551.0,73335032.0
0.347236073,5837.0,5166504.0,51305236.0,51315635.0,73335032.0
0.347796285,5843.0,4181312.0,51360108.0,51369002.0,73335032.0
0.351180921,5848.0,8904648.0,51408869.0,51422708.0,73335032.0
0.351361459,5854.0,7626120.0,51463784.0,51476436.0,73335032.0
0.351844662,5860.0,8347200.0,51517374.0,51529479.0,73335032.0
0.352266328,5866.0,7798096.0,51571456.0,51583017.0,73335032.0
0.352463211,5872.0,7784568.0,51625549.0,51637345.0,73335032.0
0.352856965,5878.0,7774296.0,51678838.0,51691115.0,73335032.0
0.353054517,5884.0,5872768.0,51734453.0,51744339.0,73335032.0
0.353610694,5890.0,6181416.0,51787193.0,51798124.0,73335032.0
0.353888757,5896.0,5622952.0,51841898.0,51851748.0,73335032.0
0.354479333,5901.0,8266840.0,51889044.0,51904572.0,73335032.0
0.355110251,5907.0,8679232.0,51937757.0,51957598.0,73335032.0
0.355310207,5914.0,5235504.0,52003927.0,52013124.0,73335032.0
0.355665373,5920.0,6351184.0,52056248.0,52068640.0,73335032.0
0.355929451,5926.0,5513328.0,52110738.0,52120863.0,73335032.0
0.356552361,5932.0,5338016.0,52164264.0,52173670.0,73335032.0
0.357104166,5937.0,8555024.0,52206449.0,52225124.0,73335032.0
0.357543035,5943.0,8137688.0,52260242.0,52278200.0,73335032.0
0.357815629,5949.0,7936368.0,52313967.0,52331402.0,73335032.0
